column_name,column_comment
user_id,用户客户号
cus_level,客户分层
client_id,客户号
client_id,客户号
act_id,活动ID
id,自增id
system_channel_name,渠道
client_id,客户号
system_channel_name,渠道
client_id,客户号
client_id,客户号
sys,系统名
user_id,用户号
breakpoint_task_id,任务ID
user_id,客户ID
channel_flow,渠道分流（自然流natur；投流adv；安全险活动activity）
channel_flow,渠道分流（自然流natur；投流adv；安全险活动activity）
channel_own,渠道归属1-线上；0-线下
channel_name,渠道名称
system_channel,渠道代码
fund_account,资金账号
concat_name,姓名
concat_name,姓名
concat_name,姓名
concat_name,姓名
concat_name,姓名
client_id,客户号
concat_name,姓名
name,用户姓名
branch_no,营业部code
year,营业部code
branch_no,营业部code
day_date,日期(带-)
channel_no,渠道代码
product_type,产品类型
name,客户姓名
client_id,客户号
concat_name,姓名
branch_name,营业部名称
branch_no,营业部code
client_id,客户号
sole_code,订单号
targ_flag,目标切换标志
client_id,客户号
open_account,开户数
system_channel_name,渠道
sole_code,订单号
advisor_name,投顾名
mt,月份
advisor_name,投顾名
new_client,新开客户数
channel_own,渠道归属1-线上；0-线下
channel_own,渠道归属1-线上；0-线下
fare,净佣金
fare,净佣金
day,统计日期
zh_amount,组合销售额
ths_amount,同花顺销售额
client_id,客户号
biz_date,日期
biz_date,日期
mt_effective,当月新开有效户数
mt_balance,当月用户交易额
mt_balance,当月净存入(资金)
mt_fare,当月净佣金收入
mt_open,新开户
mt,
mt,月
client_id,客户号
total_balance,交易额
channel_no,渠道代码
month,月份
cust_flag,客群
client_id,客户号
advisor_name,投顾名
id,自增id
client_id,客户ID
month,月份
channel_mark,标识（线上/线下）
channel_name,渠道
channel_mark,标识（线上/线下）
day,统计日期
day,统计日期
day,统计日期
biz_date,数据日期
channel_own,渠道归属（1-线上；0-线下）
fund_account,资金账号
id,原自增主键
farex_commission,提佣金额
biz_date,数据日期
biz_date,数据日期
biz_date,数据日期
gp_balance,全客群股票佣金余额
sole_code,唯一代码
khh,客户号
khh,客户号
month,月份
client_id,客户号
channel_ce,渠道主体
channel_name,渠道
mt,年月
mt,年月
mt,年月
live_advisor,直播老师
book_origin,来源
client_id,客户ID
client_id,客户号
client_id,客户ID
book_origin,来源
book_origin,来源
flag,分类
flag,分类
user_id,用户ID
client_id,客户号
flag,分类
channel_name,渠道
flow_user,流量户
phone,手机号
year,年度
system_channel,渠道主体
channel_name,渠道
branch_name,营业部
branch_name,营业部
branch_name,营业部
channel_no,渠道代码
branch_name,营业部
mt,月
inputtime,创建时间
client_id,客户号
client_id,客户号
name,客户名称
client_id,客户ID
channel_name,渠道
phone,手机号
phone,手机号
client_id,客户号
biz_date,数据日期
fund_account,客户资金号
fund_account,客户ID
day,日期
client_id,中签客户号
cust_name,客户姓名
fund_account,资金账号
users,新增户数
day,日期
fund_account,资金账号
fund_account,资金账号
fund_account,资金账号
new_acc_num,新增户数
branch_no,机构号
client_id,客户号
branch_no,营业部no
client_id,客户号
mt,月份
mt,月
cust_name,客户姓名
cycle_date,周期日期
fund_account,客户资金账号
exchange_type,交易类型
phone,手机号
identifier,标识
channel_name,渠道名称
fund_account,资金账号
mt,月份
reg_day,注册日期
open_date,开户日期
cust_cnt,客户总数
system_channel_name,渠道
name,组合名称
month,日期
ad_date,日期
channel_set,渠道集
day,日期
client_id,客户号
mt,日期
client_id,客户号
branch_name,营业部
manager,客户经理
day,日期
day,日期
client_id,客户号
branch_no_name,营业部
customer_account,资金账号
branch_no_name,营业部
customer_account,资金账号
day,开户日期
day,开户日期
fund_account,资金账号
fund_account,资金账号
branch_no_name,营业部
fund_account,资金账号
client_id,客户号
branch_no,营业部编号
branch_no,营业部编号
branch_no,营业部编号
branch_no,营业部编号
mt,年月
branch_no,营业部编号
day,日期
sequence,子单序号
sequence,母单序号
channel_name,渠道
client_name,客户姓名
id_number,证件号码
mt,月份
mt,月份
mt,月份
mt,月份
cs_day,创收日期
cs_day,创收日期
cs_day,创收日期
cs_day,创收日期
book_origin,订阅来源，1同花顺，5大同证券app
book_origin,订阅来源，1同花顺，5大同证券app
data,票池日期
channel_name,渠道
fund_account,资金账号
client_id,客户号
emp_name,员工姓名
client_id,客户号
client_id,客户号
client_id,客户号
sole_code,订单号
client_id,客户号
client_id,客户号
branch_no,营业部代码
branch_no,营业部代码
branch_no,营业部代码
user_id,用户id
branch_no,营业机构
user_id,客户id
customer_name,客户姓名
customer_name,客户姓名
init_date,日期
doc_id,
bank_code,银行编号
coupon_receive_id,优惠券领取记录id
modle,模版
manager,理财经理姓名
modle,模版
remaining_service_day,订单剩余有效天数
class_id,分类ID
class_id,分类ID
class_id,Java类名，对应MongoDB的_class字段
live_advisor,直播老师
create_data,消息发送时间
client_id,客户id
date,日期，格式：YYYYMM
client_id,中签客户号
refund_days,退款天数
manager,理财经理
channel_own,渠道归属（1-线上；0-线下）
remark,备注
col_0,客户号
biz_date,数据日期
biz_date,数据日期
biz_date,数据日期
col_0,客户号
biz_date,数据日期
open_account,开户成功为1，失败是0
cus_num,户数
total_asset,总资产
total_asset,总资产
act_name,活动名称
cur_date,当前日期
branch_name,营业部名称
y_total_asset,年初总资产
branch_name,营业部名称
branch_no,营业部编码
total_asset,24年年初时点总资产
num_14h,14点同步数据量
register_date,注册日期
breakpoint_step,断点步骤
video_type,见证方式
open_account,开户户数
month,月份
open_account_quantity,开户数
channel_own,渠道归属1-线上；0-线下
system_channel_name,渠道名称
client_id,客户号
platform,平台
platform,平台
platform,平台
platform,平台
platform,平台
asset_24,24年资产
platform,平台
card,证件号
branch_no_name,营业部名称
client_id,用户
branch_no_name,营业部
usd_cny,美元汇率
channel_name,渠道名称
qccl_customer,期初存量客户数
card,身份证号
fund_account,资金账号
platform,平台
branch_no,营业部编码
branch_no_name,营业部
name,客户姓名
customer_name,用户姓名
indicator_type,类型
system_channel_name,归属渠道
is_effective_account,当前有效户个数
open_account,开户数
advisor_name,投顾名
amount,总销售额
amount,销售额
amount,销售额(新投顾有提佣，保留5小数)
new_total_asset,新开客户总资产
channel_name,渠道名
channel_name,渠道名
interest_rate,息差
interest_rate,息差
curr_balance,资产
zh_order,组合订单数
app_amount,app销售额
name,客户姓名
branch_no_name,营业部
branch_no_name,营业部
mt_effective_tr,当月有效户转化数
mt_client,当月交易人数
yt_balance,当年净存入(资金)
mt_ta_fare,当月产品申赎收入
deposit,入金户数
organ_flag,产品类型
bs_flag,客群划分
total_asset,24年年初时点总资产
gp_balance,股票交易额
channel_name,渠道名称
client_id,客户号
channel_name,开户渠道
amount,销售额(新投顾有提佣，保留5小数)
entry_date,入库时间
entry_date,入库时间
fund_account,资金账户
channel_own,渠道归属（1-线上；0-线下）
channel_name,渠道
channel_own,渠道归属（1-线上；0-线下）
channel_name,渠道
online,线上开户数
online,线上开户数
is_online,渠道类别（线上/线下）
fund_account,资金账号
open_account,开户数
stock_code,基金代码
department,营业部
fund_account,资金账号
fund_account,资金账号
fund_account,资金账号
jj_balance,全客群基金佣金余额
customer_name,客户姓名
flag,"f .总榜 ,w 周榜，m 月榜"
tc_rate,提成比例
tc_rate,提成比例
client_id,客户号
channel_name,开户渠道
total_settle_cost,结算成本
channel_own,渠道归属（1-线上；0-线下）
book_origin,新老平台
book_origin,新老平台
book_origin,新老平台
live_name,直播名称
cc_type,订单类型
stock_account,股票账户
ag_shares_bus_balance,A股交易额
fund_account,资金账户
first_etf_date,首次交易ETF时间
cc_type,订单类型
cc_type,类型
bs_line,业务条线名称
bs_line,业务条线名称
register_date,注册日期
total_asset_all,总资产
bs_line,业务条线名称
rate,比例
active_user,活动户
user_id,参赛编码
brokerage_income,代理买卖证券业务收入
system_channel_name,渠道名称
turnover_1w,万元流失户
new_acc_dedup,新开户数（去重后）
new_client_total_assets,新开客户总资产额
fi_pub_fund_sales,固收公募销售额
channel_name,渠道
channel_name,渠道名称
system_channel_name,渠道
book_origin,来源
pay_time,支付时间
system_channel_name,归属渠道
advisor_name,开发投顾
client_id,客户号
fund_account,资金账户
turnover_1w,万元流失户
user_id,参赛编码
user_id,参赛编码
advisor_name,开发投顾
fund_account,资金账号
stock_code,ETF代码
stock_code,股票代码
curr_fund_asset,现金资产
stock_code,中签股票
fund_account,资金账号
purchased_product,购买的产品（投顾产品）
users_mt,新增户数
branch_no,营业部ID
lof_fund_market_value,LOF基金名称
purchased_product,购买的产品（投顾产品）
lof_fund_market_value,LOF基金名称
new_acc_ann_achv_rate,新增户数年度达成率
deposit_tr,线下当月转化-入金
gp_balance,全客群股票佣金余额
ag_shares_bus_balance,A股交易额
branch_name,营业部名称
branch_name,营业部
client_id,客户号
bs_flag,客群划分
fund_account,资金账号
cycle_attr,周期属性
user_id,开户预约号
stock_code,股票代码
nick_name,昵称
channel_name,渠道名称
fund_account,资金账户
branch_no_name,营业机构
channel_own,所属渠道
channel_name,渠道名称
channel_name,渠道
activity_id,活动id
cust_ty_cnt,提佣客户数
open_account,开户数
syl,日收益率
channel_set,渠道集
channel_set,渠道集
channel_lv1,一级渠道
channel_set,渠道集
channel_own,渠道
curr_total_asset,当前总资产
project,项目
curr_total_asset,当前总资产
curr_total_asset,当前总资产
channel_own,渠道
pre_tc,当年之前开户提成
manager_id,客户工号
channel_set,渠道集
channel_set,渠道集
occur_balance,两融利息收入
total_customers,总客户数
real_name,客户姓名
total_customers,总客户数
real_name,客户姓名
channel_set,渠道
channel_set,渠道
t0_price,t0可用资金
t0_price,t0可用资金
cnt,客户数
security_code,证券代码
total_asset,24年年初时点总资产
branch_no_name,营业部名称
branch_no_name,营业部名称
branch_no_name,营业部名称
branch_no_name,营业部名称
book_origin,新老平台
branch_no_name,营业部名称
channel_set,渠道集
client_basket_id,客户端篮子id
client_basket_id,客户端篮子id
channel_type,渠道类型
id_no,证件号码
book_origin,订阅来源，1同花顺，5大同证券app
book_origin,订阅来源，1同花顺，5大同证券app
book_origin,订阅来源，1同花顺，5大同证券app
book_origin,订阅来源，1同花顺，5大同证券app
book_origin,订阅来源，1同花顺，5大同证券app
book_origin,订阅来源，1同花顺，5大同证券app
book_origin,订阅来源，1同花顺，5大同证券app
book_origin,订阅来源，1同花顺，5大同证券app
is_commis_order,是否提佣单，1是，0否
is_commis_order,是否提佣单，1是，0否
code,证券代码
channel_type,渠道
open_date,开户日
total_asset_all,峰值资产
emp_mobile,员工手机号
branch_no,营业部
branch_no,营业部编号
branch_no,营业部
client_id,客户号
system_channel_name,归属渠道
condition1,是否满足条件1
branch_name,营业部名称
branch_name,营业部名称
branch_name,营业部名称
sub_visit_date,提交待回访时间
branch_no_name,营业机构
open_account,开户成功为1，失败是0
id_number,证件号码
id_number,证件号码
branch_no,机构代码
user_key,
bank_name,存管银行
goods_type,产品类型
is_alrm,告警标记
branch_name,营业部名称
is_alrm,告警标记
assetthreshold,产品购买资金门槛
doc_id,文档ID
doc_id,文档ID
doc_id,文档ID，对应MongoDB的_id字段
live_name,直播名称
forum,所属栏目
branch_no,营业机构
total,总开户数（万户）
stock_code,中签股票
pay_type,退签方式
order_no,订单号
new_accounts,开户数
user_id,用户ID
col_1,峰值资产日期
fund_account,资金账号
date_type,日期分类
fund_account,资金账号
fund_account,资金账号
fund_account,资金账号
mob_register_time,手机注册时间stk_step=kh_branch
cus_normal_num,账户状态正常户数
fund_asset,保证金余额
fund_asset,保证金余额
task_id,回访流水号
cur_year,当前年
open_account_cost,开户总成本
x_total_asset,期初总资产
open_account_quantity,开户数
name,姓名
fund_asset,24年年初时点保证金余额
num_00h,00点同步数据量
system_channel,渠道名称
breakpoint_task_state,任务状态
reject_type,驳回类型
total_user_cost,新户总成本
deposit,入金数
month,月份
curr_balance,息差余额
open_date,开户日期
account_name,账号
account_name,账号
account_name,账号
account_name,账号
account_name,账号
asset_23,23年资产
account_name,账号
branch_no,开户营业部code
new2r_cust_num,新两融有效户目标数
branch_no,营业部code
new2r_cust_num,有效户数目标任务
hkd_cny,港元汇率
channel_own,渠道归属1-线上；0-线下
new_customers,本期新增客户数
client_id,客户号
curr_total_asset,当前时点总资产
account_name,账号
repeat_account_2023,2023年重复开户数
asset,合并账户净资产≥50万的账户数
open_day,开户日期
customer_account,用户资金账号
target,目标
open_date,开户日期
is_deposit_account,当前入金户个数
curr_total_asset,总资产
product_type,产品类型(服务包、组合、增值产品)
orders,订单数
amount_ths,同花顺销售额(新投顾有提佣，保留5小数)
new_effective_account,新开客户有效户数
profit,创收
mt,开户月份
total_asset,总资产
total_asset,总资产
flag,资产类型
plat_refund,全平台退款额
orders,订单数
branch_no,营业部编号
is_rzrq,是否两融
is_rzrq,是否两融
mt_effective_lost,当月有效户流失数
mt_avgtimes,当月人均交易次数
mt_occur,当月净转入(市值)
mt_interest_rate,当月资金利差收入
effective,有效户数
total_asset,资产
total_asset,总资产
fund_asset,24年年初时点保证金余额
jj_balance,基金交易额
channel_own,渠道归属1-线上；0-线下
channel_name,开户渠道
up_std_month,标准有效户首次达标月份
new_client,新开客户数
amount_ths,同花顺销售额(新投顾有提佣，保留5小数)
channel_name,渠道名
new_client,新开客户数
stock_code,股票代码
open_account,开户数
month,月份
open_account,开户数
month,月份
offline,线下开户数
offline,线下开户数
channel_name,渠道名称
nickname,昵称
open_account_target_rate_10w,开户数全年目标达成率（10w）
stock_name,基金名称
phone,手机号码
nickname,昵称
nickname,昵称
nickname,昵称
zq_balance,全客群债券佣金余额
customer_account,客户账号
stock_code,产品代码
mt,月份
mt,月份
channel_name,开户渠道
channel_ce,渠道主体
fare_cost,后端佣金成本
payback_days,回本天数
cc_type,现金升佣
cc_type,现金升佣
cc_type,现金升佣
nick_name,昵称
advisor_name,投顾
fund_account,资金账户
hb_shares_bus_balance,沪B交易额
stock_account,股票账户
min_date,首次交易时间
product_name,产品名
amt,销售额
target_amount,年度目标任务金额
cur_amount,当月完成额
system_channel,渠道名称
total_debit,总负债
target_amount,年度目标任务金额
create_date,同步日期
active_user_lv2,11月LV2活动列表
registration_time,报名时间
seat_income,席位租赁业务收入
remark,备注
turnover_rate_1w,万元户流失率
new_ind_acc_dedup,新开个人户（去重后）
new_eff_acc_assets,新开有效户资产额
equity_pub_fund_sales,权益公募销售额
channel_own,渠道归属（1-线上；0-线下）
channel_own,渠道归属1-线上；0-线下
client_id,客户号
cc_type,类型
branch_name,营业部
tg_name,开发投顾
pay_time,签约日期
branch_no,营业部编码
stock_account,股票账户
turnover_rate_1w,万元户流失率
registration_time,报名时间
registration_time,报名时间
product_name,产品名称
nickname,昵称
exchange_type,交易场所
exchange_type,交易场所
curr_total_asset,总资产
branch_no,归属营业部
asset,资产（时点资产）
product_type,产品类型
platform_users,平台&投流开户数
branch_no_name,营业部
etf_fund_market_value,ETF基金名称
product_type,产品类型
etf_fund_market_value,ETF基金名称
new_acc_seq_cmpl_rate,新增户数序时完成率
deposit_no,线下上月非入金-入金
jj_balance,全客群基金佣金余额
hb_shares_bus_balance,沪B交易额
total_balance,交易额
open_date,开户日期
branch_name,营业部
branch_no,营业部no
phone_number,客户手机号
client_id,客户号
holder_name,姓名
asset_price,净值
live_name,直播名称
channel_lv1,一级渠道
ip,客户端分类维度
organ_flag,机构类型
channel_type,渠道类型
user_cnt,当日注册用户数
cust_cnt,开户数
ths_user_id,同花顺手抄id
curr_total_asset,当前总资产
curr_total_asset,总资产
open_cost_total,开户总成本
ad_cost,投流成本
channel_lv2,二级渠道
channel_lv1,一级渠道
channel_type,渠道类别
amount_collected,收款金额
channel_type,渠道类别
cur_tc,当年开户 提成
pre_tc,当年之前开户提成
channel_lv1,一级渠道
channel_lv1,一级渠道
valid_customers,有效户数
branch_no_name,所属营业部
valid_customers,有效户数
branch_no_name,所属营业部
channel_lv2,渠道2级
channel_lv2,渠道2级
fund_asset,现金资产
daily_buy_quantity,当日买入数量
fund_asset,24年年初时点保证金余额
new_account_count,本期新开户数
avg_weekly_asset_ordinary,普通账户周均总资产存量
new_account_count,本期新开户数
new_account_count,本期新开户数
cc_type,现金升佣
avg_weekly_asset_ordinary,普通账户周均总资产存量
channel_lv1,一级渠道
ats2_basket_id,ats2篮子id
ats2_basket_id,ats2篮子id
y_cost,年度开户总成本
id_kind,证件类别
is_commis_order,是否提佣单，1是，0否
is_commis_order,是否提佣单，1是，0否
is_commis_order,是否提佣单，1是，0否
is_commis_order,是否提佣单，1是，0否
is_commis_order,是否提佣单，1是，0否
is_commis_order,是否提佣单，1是，0否
is_commis_order,是否提佣单，1是，0否
is_commis_order,是否提佣单，1是，0否
advisor_name,投顾名
product_name,产品名
name,证券名称
payback_days,回本天数
phone,手机号
days,创收天数
emp_id,员工身份证号
sole_code,订单号
branch_name,营业部名称
cust_ty_asset,提佣客户资产
advisor_name,投顾名
branch_name,营业部
condition2,是否满足条件2
curr_total_asset,当前总资产
curr_total_asset,当前总资产
curr_total_asset,当前总资产
oareq_create_date,客户开户立意意愿表创建时间
new_customers_cnt,新开客户数
name,姓名
id_type,证件类别
id_type,证件类别
fund_account,资金账户
app_code,
plain_rate,普通利率％
goods_id,商品ID
total_asset,总创收
curr_total_asset,客户资产
msg_id,消息ID
msg_id,消息ID
all_count,总计数
nick_name,昵称
source,消息来源
open_date,开户日期
a_share,A股开户数（万户）
lucky_balance,中签金额
refund_amount,退款金额
customer_name,客户姓名
deposit_accounts,入金户数（时点资产>=1k）
user_name,用户名
col_2,峰值资产
nickname,昵称
nickname,昵称
nickname,昵称
col_2,峰值两融资产日期
nickname,昵称
branch_create_date,选择营业部创建时间
dd_total_asset,24年年初时点总资产(分层）
user_id,用户id
cur_year_month,当前年月
open_account_avgcost,单客成本
t_total_asset,T-7日总资产
deposit_account_quantity,入金户数
open_date,开户日期
curr_total_asset,当前时点总资产
num_compare,14点同步数据量减去00点同步数据量
branch_name,营业部名称
breakpoint_creat_time,断点时间
reject_step,驳回节点
average_cost_per_user,单客成本
effective,有效户数
deposit,入金数
total_asset,总资产
status,客户状态(0-正常/3-已销户/F-锁定 )
type,类型
type,类型
type,类型
type,类型
type,类型
asset_22,22年资产
type,类型
branch_no_name,开户营业部_名称
new3r_cust_rzmr,新两融有效户融资买入目标金额
branch_no_name,营业部名称
new2r_cust_num_bac,有效户数完成额
day,日期
open_account,开户户数
reduce_customers,本期减少客户数
fund_account,资金账号
curr_fund_asset,当前时点保证金余额
type,类型
repeat_account_2024,2024年重复开户数
rzrq_cust,两融账户开户数
system_channel_name,开户渠道
customer_phone,用户电话号码
weight,权重
gender,性别
profit,当前创收
is_effective_account,有效户个数
pay_time,服务开始时间
amount_dt,大同证券app销售额(新投顾有提佣，保留5小数)
new_deposit_account,新开客户入金户数
open_account,开户数
buss_balance,交易额
buss_balance,交易额
plat_reorder,全平台退款订单数
advisors,投顾老师数
branch_name,营业部名称
asset_prop,客户类别
asset_prop,客户类型
mt_effective_var,当月有效户变动数
mt_sale,当月销售额
yt_occur,当年净转入(市值)
mt_occur_balance,当月两融利息收入
deposit_rate,入金户率
fund_asset,现金资产
curr_total_asset,当前时点总资产
zq_balance,债券交易额
open_account,开户户数
open_day,开户时间
fare,净佣金
up_50w_month,50w大户首次达标月份
new_effective_account,新开客户有效户数
amount_dt,大同证券app销售额(新投顾有提佣，保留5小数)
open_account_quantity,开户数
new_total_asset,新开客户总资产
stock_name,名词
total_user_cost,新户总成本
open_account,开户数
total_user_cost,新户总成本
open_account,开户数
open_account_quantity,开户数
curr_total_asset,时点资产
open_account_target_rate_20w,开户数全年目标达成率（20w）
market_value,基金市值
fund_account,手机号码
cost_amt,成本
curr_total_asset,时点资产
curr_total_asset,时点资产
ggt_balance,全客群港股通佣金余额
customer_phone,客户电话
stock_name,产品名
channel_ce,渠道主体
up_std_month,标准有效户首次达标月份
product_name,产品
advisor_name,投顾
amount,订单金额
phone,手机号
amt,销售额
stock_code,股票代码
shb_shares_bus_balance,深B交易额
stock_code,股票代码
amt,销售额
fare_amt,升佣
completion_amount,当月完成额
completion_amount,累计完成额
branch_name,营业部名称
fund_asset,现金资产
completion_amount,当月完成额
fund_account,资金账号
product_distribution_income,金融产品代理销售收入
is_v,"是否是大V渠道(1-是,0-否)"
new_inst_acc,新开机构户
act_dorm_eff_acc_assets,空户激活有效户资产额
top18_fi_pub_fund_sales,18家重点合作公募基金_固收公募销售额
open_account,开户数
open_account,开户户数
open_date,开户时间
amt,销售额
channel_name,渠道
open_date,开户日期
order_amount,佣金费率
branch_no_name,营业部
stock_code,股票代码
fund_account,资金账号
fund_account,资金账号
pay_time,签约日期
cost_amt,成本
stock_name,证券名称
stock_name,股票名称
jj_balance,基金交易额
khjl,客户经理
fin_or_stk_account,理财户or股票交易户
advisor,投顾（产品对应的投顾老师）
platform_users_mt,平台&投流开户数
curr_fund_asset,客户现金资产
reits_fund_market_value,REITs基金名称
advisor,投顾（产品对应的投顾老师）
reits_fund_market_value,REITs基金名称
plat_acc_num,平台渠道开户数
deposit_ths_tr,线上当月转化-入金
zq_balance,全客群债券佣金余额
shb_shares_bus_balance,深B交易额
gp_balance,股票交易额
asset_prop,客户类型0普通，B期权，7两融
conv_acc_50w,存量转化流失_50w
branch_name,营业部
asset,资产（时点资产）
gender,性别
mobile_no,开户手机号
init_date,日期
first_time,首次进入时间
channel_lv2,二级渠道
times,委托笔数
asset_prop,资金账号类型
churned_type,流失条件枚举 1 有效流失、2 资产缩水流失 3 前两个都满足
d1_open,注册首日内激活人数
d1_valid_cnt,day1有效户数
desensitized_account,脱敏资金账号
cust_ty_asset,提佣客户总资产
is_effective_account,有效户个数
leads_count,线索数
channel_lv3,三级渠道
channel_lv2,二级渠道
curr_total_asset,时点总资产
income,不含税收入
curr_total_asset,时点总资产
total_tc,总提成+投行提成
cur_tc,当年开户提成
channel_lv2,二级渠道
channel_lv2,二级渠道
authenticated_customers,已认证客户数
financial_manager,理财经理
authenticated_customers,已认证客户数
financial_manager,理财经理
channel_lv3,渠道3级
channel_lv3,渠道3级
secu_market_value,托管市值
daily_sell_quantity,当日卖出数量
curr_total_asset,当前时点总资产
new_effective_account_count,本期新开有效户数
avg_weekly_asset_credit,信用账户周极均总资产存量
new_effective_account_count,本期新开有效户数
new_effective_account_count,本期新开有效户数
amount,订单金额
avg_weekly_asset_credit,信用账户周均总资产存量
channel_lv2,二级渠道
client_order_id,客户端母单id
client_order_id,客户端母单id
fare_cost,后端佣金成本
exchange_kind,市场类型
client_cnt,月签约人数
sales_name,销售姓名
advisor_name,投顾姓名
product_name,产品名称
client_cnt,新增签约人数
sales_name,销售姓名
advisor_name,投顾姓名
product_name,投顾产品
profit_rate,盈利用户占比
profit_rate,盈利用户占比
grade,证券评级
day,分区
service_relation,服务关系
advisor_name,开发投顾
name,客户姓名
day,day
amount,金额
tg_name,开发投顾
condition3,是否满足条件3
tg_asset,投顾资产
tg_asset,投顾资产
tg_asset,投顾资产
oareq_update_date,客户开户立意意愿表更新时间
new_customers_asset,新开资产额
mobile_no,手机号
market_type,市场类型
market_type,市场类型
money_type,类型
user_type,
credit_rate,信用利率％
userid,用户ID
actual_total_asset,实际创收
is_satisfy_asset,是否满足门槛
app_code,应用编码
app_code,应用编码
app_code,应用代码
phone,手机号
client_id,客户号
channel_name,渠道
b_share,B股开户数（万户）
branch_no,归属营业部
apply_cancel_time,退款申请时间
client_id,资金账号
effective_accounts,有效户数（时点资产>=1w）
add_time,添加时间
col_3,当前资产
team_id,战队id
fund_account,资金账号
curr_total_asset,总资产
col_3,峰值两融资产
curr_total_asset,总资产
branch_update_date,选择营业部更新时间
dd_fund_asset,24年年初时点保证金余额(分层）
customer_name,客户姓名
cur_month,当前月
open_account_quantity,开户数
curr_total_asset,当前总资产
transaction_account_quantity,交易数
is_lost_0,是否流失（1-是，0-否，万元资产户）
curr_fund_asset,当前时点保证金余额
op_source,操作来源名称0:PC;1:ios;2:Pad;3:android;4:微信;5:H5
user_id,用户ID
approve_stat,视频见证结果
lost_thousand,千元资产户流失数
effective,有效户数
deposit_cap_rat,沉淀资金比例
phone,手机号
work_name,作品名称
title,笔记标题
work_name,作品名称
video_desc,视频描述
release_date,日期
asset_21,21年资产
release_date,日期
client_id,客户号
first_rzdeal_time,首次融资买入时间
new2r_cust_num_tbd,有效户数完成率
total_user_cost,新户总成本
qmcl_customer,期末存量客户数
open_date,开户时间
curr_posi,当前仓位
work_name,作品
dispute_account,异议申请账户数
rzrq_rate,覆盖率
curr_total_asset,当前总资产
customer_risk_level,客户风险等级
achievement,完成额
age,年龄
is_deposit_account,入金户个数
book_origin,订阅来源：1-同花顺；5-大同证券
unit_price,客单价
new_buss_rate,新开客户交易量占比
deposit,入金户数
turnover_rate,周转率
turnover_rate,周转率
zh_amount,组合销售额
system_channel_name,渠道名称
channel_own,线上下
open_date,开户日期
cl_effective,存量有效户数
mt_purchase,当月产品购买人数
fund_asset,现金资产
yt_fare,当年净佣金收入
effective_rate,有效户率
branch_no,营业部no
secu_market_value,证券市值
curr_fund_asset,当前时点保证金余额
ggt_balance,港股通交易额
total_user_cost,新户总成本
avg_asset,22日日均资产
interest_rate,息差
up_50w_upshift_month,50w大户首次升档月份
new_deposit_account,新开客户入金户数
unit_price,客单价
new_effective_account,新开客户有效户数
stock_type,股票类型
single_customer_cost,单客成本
total_user_cost,新户总成本
single_customer_cost,单客成本
total_user_cost,新户总成本
income_amt,时点收益
total_user_cost,新户总成本
cur_amount,持仓数量
off_site,端外 1 端内 0
income_amt,收益
income_amt,时点收益
income_amt,时点收益
bjs_balance,全客群北交所佣金余额
customer_risk_level,客户风险等级
cumulative_return,收益率
open_day,开户时间
up_50w_month,50w大户首次达标月份
amount,订单金额
amount,订单金额
order_exp_cnt,小单数
first_time,首次进入时间
cash_amount,现金
stock_name,名词
jj_balance,基金交易额
stock_name,名词
cash_amount,现金
lg_cnt,大单数
seq_task_completion_rate,序时任务完成率
target_amount,目标额
branch_tag,选择营业部
secu_market_value,证券市值
seq_task_completion_rate,序时任务完成率
open_date,开户时间
interest_income,客户利息收入
fare_rate,净佣金收入比例(大同所得)
new_prod_acc,新开产品户
fut_eff_acc_assets,期货有效户资产额
top18_equity_pub_fund_sales,18家重点合作公募基金_权益公募销售额
total_user_cost,新户总成本
total_user_cost,新户总成本
curr_total_asset,当前总资产
fare_amt,升佣
channel_own,线上/下
gender,性别
curr_total_asset,总资产
organ_flag,用户类型0-个人，1-机构，
stock_name,名词
open_date,开户时间
open_date,开户时间
order_amount,佣金费率
income_amt,收益
entrust_bs,买卖方向：1 买入，2 卖出
latest_price,当日收盘价(T)
zq_balance,债券交易额
is_sucess_balance,缴款状态
financial_manager,理财经理
advisor_product_purchase_time,投顾产品购买时间
adv_users,广告渠道开户数
curr_total_asset,总资产
advisor_product_purchase_time,投顾产品购买时间
plat_acc_ann_achv_rate,平台渠道开户数年度达成率
deposit_ths_no,线上上月非入金-入金
ggt_balance,全客群港股通佣金余额
jj_balance,基金交易额
jj_balance,基金交易额
new_acc,客户类型0个人，1机构，3产品户
total_asset,总资产
fin_or_stk_account,理财户or股票交易户
channel_type,渠道类别
branch_name,开户营业部
still_time,累计观看时长
channel_lv3,三级渠道
name,客户姓名
cust_cnt,客户总数
d3_open,注册后3日内激活人数
d3_valid_cnt,day3有效户数
account,加密资金账号
day,日期
is_deposit_account,入金户个数
channel_lv4,四级渠道
channel_lv3,三级渠道
peak_total_asset,峰值资产
cust_ty_asset,提佣客户总资产
collected,收款方
cust_ty_asset,提佣客户总资产
cust_ty_asset,提佣客户总资产
peak_total_asset,峰值资产
pre_net_revenue,当年之前开户创收
total_tc,总提成
channel_lv3,三级渠道
channel_lv3,三级渠道
authenticated_valid_customers,已认证有效户数
curr_total_asset,总资产
authenticated_valid_customers,已认证有效户数
curr_total_asset,总资产
channel_lv4,渠道4级
channel_lv4,渠道4级
prod_market_value,金融产品保有量
settlement_status,平仓状态
curr_fund_asset,当前时点保证金余额
new_effective_account_rate,本期新开有效户率(%)
avg_weekly_inactive_institution_assets,不交易机构户周均资产
new_effective_account_rate,本期新开有效户率
new_effective_account_rate,本期新开有效户率
fare_commis,升佣金额
avg_weekly_inactive_institution_assets,不交易机构户周均资产
channel_lv3,三级渠道
ats2_order_id,ats2母单id
ats2_order_id,ats2母单id
open_cnt,开户数
stock_account,证券账号
sign_rate,月签约率
client_cnt,月签约人数
client_cnt,月签约人数
client_cnt,月签约人数
curr_total_asset,新增AUM
client_cnt,新增签约人数
client_cnt,新增签约人数
client_cnt,新增签约人数
development_relation,开发关系
product_type,产品类型
curr_fund_asset,保证金余额
book_origin,订阅来源1-同花顺；5-大同证券
open_date,开户日期
condition4,是否满足条件4
tg_cash_cnt,投顾现金客户数
tg_cash_cnt,投顾现金客户数
tg_cash_cnt,投顾现金客户数
preengage_id,预约编号
new_offline_customers_cnt,新开线下客户数
branch_no,营业部编号
security_account,证券账号
security_account,证券账号
fund_asset,现金资产
msg_ids,
option_rate,期权利率％
product_name,投顾产品名称
order_cash_asset,现金创收
asset_level,资产层级
push_type,推送类型
push_type,推送类型
create_time,创建时间
first_time,首次进入时间
phone,手机号
channel_own,渠道归属
fund,基金开户数（万户）
khjl,客户经理
refund_date,退款时间
customer_phone,手机号
new_cust_total_assets,新户总资产
tag_name,标签名称
cost_amt,成本
syl,收益率
income_amt,收益
col_4,当前两融资产
income_amt,收益
idconfirm_create_date,身份认证创建时间stk_step =kh_idconfirm
dd_curr_total_asset,当前时点总资产(分层）
branch_no,客户营业部ID
cur_day,当前日
deposit_account_quantity,入金数
buss_balance,7日总交易量
new_account_total_asset,新户总资产
is_lost_1,是否流失（1-是，0-否，千元资产户）
curr_posi,当前仓位
branch_date,完成选择营业部时
breakpoint_activity_id,活动ID
reject_reason,驳回原因
lost_thousand_rate,千元资产户流失率
lost_thousand,千元资产户流失数
card,证件号
publish_time,发布时间
first_publish_time,首次发布时间
release_date,日期
publish_date,发布时间
anchor_dy_number,主播抖音号
asset_20,20年资产
anchor_dy_number,主播抖音号
fund_account,资金账号
business_balance,融资买入金额
new2r_cust_rzmr,融资买入金额目标任务
average_cost_per_user,单客成本
per5k_customers,期末存量客户中单客收费超5000每月客户数
branch_no,营业部code
curr_buss_balance,当日交易量
release_date,上传日期
repeat_growth_rate,重复数同比增长
no_active_cust,未合同激活
is_effective_account,是否有效客户
product_name,产品名称
completion_rate,完成比例
status,客户状态
profit,总创收
pay_time_end,服务结束时间
orders,订单数
new_stockfund_rate,新开客户股基交易量占比
effective,有效户数
is_effective_account,有效户数
is_effective_account,有效户数
zh_order,组合订单数
open_day,开户日期
is_effective_account_c,是否有效
channel_own,线上线下
yt_effective,当年新开有效户数
yt_balance,当年用户交易额
secu_market_value,证券市值
yt_ta_fare,当年产品申赎收入
one_open,线上渠道新开户数
branch_name,营业部
prod_market_value,金融产品保有量
curr_posi,当前仓位
bjs_balance,股转_北交所交易额
average_cost_per_user,单客成本
fare,当月累计净佣金
total_asset,资产
up_100w_month,100w大户首次达标月份
orders,订单数
new_deposit_account,新开客户入金户数
exchange_type,交易所
deposit_daily_avg,入金户数(日均)
single_customer_cost,单客成本
deposit,入金户数（日均）
single_customer_cost,单客成本
cumulative_return,累计收益率
single_customer_cost,单客成本
top_performer,牛人榜-选用
competition_id,比赛id
daily_return,日收益率
cumulative_return,累计收益率
cumulative_return,累计收益率
nhg_balance,全客群南华港佣金余额
product_name,产品名称
avg_asset_22,当月末日期前22个交易日日均资产大于1w
up_50w_upshift_month,50w大户首次升档月份
cash_amount,现金单金额
cash_amount,现金单金额
commis_cnt,升佣单数
still_time,累计观看时长
stock_type,股票类型
zq_balance,债券交易额
stock_type,股票类型
app_c_amt,现金+升佣
app_amt,现金和升佣
annual_task_completion_rate,年度任务完成率
year_growth_rate,同比增长率
idconfirm_tag,身份证认证
prod_market_value,产品保有量
annual_task_completion_rate,年度任务完成率
branch_name,营业部
margin_securities_income,融资融券业务利息收入
traffic_users_price,流量户单价
new_inst_prod_acc,新开机构产品户
new_gen_acc_assets,新开普通户资产额
benefit_cert_sales,收益凭证销售额
single_customer_cost,单客成本
average_cost_per_user,单客成本
fare,净佣金
lg_cnt,大单数
open_date,开户日期
age,年龄
curr_fund_asset,现金资产
status,客户状态0-正常  3-已销户  F-锁定
stock_type,股票类型
branch_name,营业部
branch_name,营业部
curr_total_asset,总资产
daily_return,日收益率
business_balance,发生金额
yesterday_price,昨日收盘价(T-1)
ggt_balance,港股通交易额
financial_manager_id,理财经理身份证号
advisor_product_expiry_time,投顾产品到期时间
adv_users_mt,广告渠道开户数
jj_balance,基金交易额
advisor_product_expiry_time,投顾产品到期时间
plat_acc_seq_cmpl_rate,平台渠道开户数序时完成率
deposit_sjqd3_tr,手机渠道3-入金转化（占位）
bjs_balance,全客群北交所佣金余额
zq_balance,债券交易额
zq_balance,债券交易额
eff_acc,1有效户，0非有效户
fund_asset,现金资产
financial_manager,理财经理
asset_level,资产层级
system_channel_name,开户渠道
up_time,点赞次数
channel_lv4,四级渠道
status,客户状态
churned_cust_cnt,流失客户数
d7_open,注册后7日内激活人数
d7_valid_cnt,day7有效户数
fund_account,解密资金账号
profit,总创收
channel_lv5,五级渠道
channel_lv4,四级渠道
belong,归属方
cur_net_revenue,当年开户创收
pre_net_revenue,当年之前开户创收
channel_lv4,四级渠道
channel_lv4,四级渠道
bind_time,认证成功时间
bind_time,认证成功时间
channel_lv5,渠道5级
channel_lv5,渠道5级
total_asset,资产
curr_posi,当前仓位
total_account_count,期末户数
current_period_avg_weekly_asset,本期周均资产存量
total_account_count,期末户数
total_account_count,期末户数
current_period_avg_weekly_asset,本期周均资产存量
channel_lv4,四级渠道
client_suborder_id,客户端子单id
fund_account,资金账户id
traffic_fee,流量费
holder_status,股东状态
resign_rate,月复购率
sign_rate,月签约率
resign_rate,月复购率
resign_rate,月复购率
c_client_cnt,存量用户
curr_total_asset,新增AUM
curr_total_asset,新增AUM
curr_total_asset,新增AUM
branch_name,归属营业部
product_name,产品名称
curr_jzc,当前净资产
is_commis_order,1升佣订单2体验单0其他
gender,性别
condition5,是否满足条件5
tg_comis_cnt,投顾升佣客户数
tg_comis_cnt,投顾升佣客户数
tg_comis_cnt,投顾升佣客户数
op_source,操作来源(0:PC;1:ios;2:Pad;3:android;4:微信;5:H5;)
new_offline_customers_asset,新开线下资产额
branch_name,营业部名字
shareholder_status,股东状态
shareholder_status,股东状态
market_value,市值
small_dormant_rate,小额休眠利率％
goods_risk,产品风险等级
order_cash_cnts,现金订单数
des_product,目标产品
title,消息标题
title,消息标题
expire_time,过期时间
still_time,累计观看时长
client_name,姓名
is_sjcl,是否数金存量
init_date,交易日期
cons_prog,消耗进度
pay_type,订单类型
new_cust_total_revenue,新户总创收
tag_group_name,标签组名称
income_amt,收益
rankno,高手榜排名
daily_return,周收益率
daily_return,总收益率
idconfirm_update_date,身份认证更新时间stk_step =kh_idconfirm
dd_curr_fund_asset,当前时点保证金余额(分层）
branch_name,客户营业部
is_holiday,是否为节日
deposit_account_ratio,入金率
buss_balance_2,期初以来总交易量
total_transaction_amount,总交易额
rq,日期（最高资产日）
curr_buss_balance,当日交易量
idconfirm_date,完成身份证认证时间
breakpoint_activity_name,活动名称
reviewer_id,审核人员
lost_10thousand,万元资产户流失数
lost_thousand_rate,千元资产户流失率
age,年龄
genre,体裁
genre,体裁
view_count,播放量
completion_rate,完播率
live_room_id,直播间ID
live_room_id,直播间ID
open_date,开户日期
new2r_cust_rzmr_bac,融资买入金额完成额(万元)
total_settle_cost,结算成本
renew_customers,续费客户数
branch_no_name,营业部
curr_profit_loss,当日盈亏
view_cnt,播放量
active_cust_norzdeal,激活未融资买入
mobile_no,手机号
product_type,产品类型
score,得分
c_day,开户至今交易日天数（有资产天数
product_right,产品权限1-状态有效
order_exp,体验订单数
new_profit,新开客户代理买卖创收(净佣金+息差)
is_deposit_account,入金户数
is_deposit_account,入金户数
plat_refund,全平台退款额
interest,季度息差收入
cnt,客户数
is_effective_account_c,是否有效
yt_effective_tr,当年有效户转化数
yt_client,当年交易人数
prod_market_value,产品保有量
yt_interest_rate,当年资金利差收入
zero_open,线下渠道新开户数
limit_secu_market_value,限售股市值
curr_buss_balance,当日交易量
nhg_balance,逆回购交易额
curr_total_asset,当月期末日期资产值
buss_balance,交易量
down_std_month,考察期首次不达标标准有效户月份
order_exp,体验订单数
new_buss_rate,新开客户交易量占比
current_amount,持仓数量
deposit_curr,入金户数(时点资产>=1k)
deposit,入金户数(日均)
deposit_curr,入金户数（时点资产>=1k）
deposit,入金户数(日均)
rankno,排名
deposit_daily_avg,入金户数（日均）
del_flag,删除标志位 1 删除 0 存在
rankno,排名
rankno,排名
rankno,排名
gr_gp_fare,个人户股票佣金
product_type,产品类型
avg_asset_20,当月末日期前20个交易日日均资产大于1w（成都信财渠道口径）
up_100w_month,100w大户首次达标月份
app_comm_amount,升佣+现金
app_comm_amount,升佣+现金
cash_cnt,现金单数
up_time,点赞次数
comis_amt,升佣
exchange_type,交易所
ggt_balance,港股通交易额
exchange_type,交易所
comis_amt,升佣
app_cnt,app订单数
prev_year_completion_amount,2024年同期月完成额
idsupply_tag,资料补充
opt_market_value,衍生品市值
prev_year_completion_amount,2024年同期月完成额
fwry,服务关系-客户经理
ib_commission_income,IB业务服务费收入
active_users_price,活动户单价
new_gen_acc_dedup,新开普通户（去重后）
new_mgn_acc_assets,新开两融户资产额
asset_mgmt_sales,资管销售额
deposit,入金户数（日均）
total_settle_cost,结算成本
interest_rate,息差
app_amt,现金和升佣
commis_date,升佣时间
corp_risk_level,风险等级
farex_ty,升拥金额
open_date,普通户开户日期
exchange_type,交易类别
fwry,服务关系-客户经理
fwry,服务关系-客户经理
curr_fund_asset,现金资产
rankno,排名
business_amount,交易份额
current_amount,当前持仓股数
bjs_balance,股转_北交所交易额
srv_rel,服务关系
fare_total,整体佣金息差
zq_balance,债券交易额
ad_acc_num,广告渠道开户数
deposit_sjqd3_no,手机渠道3-入金基数（占位）
nhg_balance,全客群南华港佣金余额
ggt_balance,港股通交易额
ggt_balance,港股通交易额
secu_market_value,证券市值
financial_manager_id,理财经理身份证号
account_age_level,账龄层级
open_date,开户时间
chat_time,聊天条数
channel_lv5,五级渠道
current_net_asset,本月末净资产
churned_cust_asset,流失客户当前资产
d30_open,注册后30日内激活人数
d30_valid_cnt,day30有效户数
gmt_create,创建时间
channel_lv5,五级渠道
project_type,项目类型
total_net_revenue,当月总创收+投行创收
cur_net_revenue,当年开户创收
channel_lv5,五级渠道
channel_lv5,五级渠道
cust_cnt,开户数
cust_cnt,开户数
limit_secu_market_value,限售股存量
curr_buss_balance,当日交易量
total_effective_account_count,期末有效户数
week_count,周数
total_effective_account_count,期末有效户数
total_effective_account_count,期末有效户数
week_count,周数
channel_lv5,五级渠道
ats2_suborder_id,ats2子单id
client_name,客户名称
farex,分成后净佣金
acode_account,一码通账户号码
recli_cnt,复购客户
resign_rate,月复购率
recli_cnt,复购客户
recli_cnt,复购客户
c_total_asset,存量AUM
c_client_cnt,存量用户
c_client_cnt,存量用户
c_client_cnt,存量用户
open_channel,开户渠道
pay_time,签约日期
pvg_zqsz,月度均总资产
is_cash_order,是否现金单1是0否
age,年龄
system_channel_name,渠道
tg_total_user_cnt,存量投顾总客户数
tg_total_user_cnt,存量投顾总客户数
tg_total_user_cnt,存量投顾总客户数
fund_account,资金账号
new_valid_customers_cnt,新开有效客户数
system_channel,渠道标签
unified_account,一码通账户
unified_account,一码通账户
opfund_market_value,资产总计
current_rate,客户活期利率%
evaluation_result,用户风险等级
order_fare_asset,升佣创收
wsjyagyjl,当前费率
live_time,有效时间
live_time,有效时间
jump_count,跳转计数
up_time,点赞次数
branch_no_name,营业部
is_no_service,是否无服务关系
customer_name,客户姓名
product_name,产品名称
daily_return,日收益率
zd_rankno,在战队排名
rk,高手榜排名
rk,高手榜排名
risksurvey_create_date,风险测评创建时间stk_step =kh_risksurvey
dd_curr_posi,当前仓位（分层）
staff_name,回访座席人员名称
is_workday,是否为工作日
effective_account_quantity,有效户数
profit_loss,7日总盈亏
total_net_commission,总净佣金
high_total_asset,最高资产
curr_profit_loss,当日盈亏
idsupply_date,完成资料补充时间
breakpoint_task_assign_type,任务分配方式
reject_date,驳回时间
lost_10thousand_rate,万元资产户流失率
lost_10thousand,万元资产户流失数
corp_risk_level,风险等级
audit_status,审核状态
view_count,观看量
completion_rate,完播率
avg_view_duration,平均播放时长
live_start_time,直播开始时间
live_start_time,直播开始时间
new2r_cust_rzmr_tbd,融资买入金额完成率
daoq_customers,到期客户数
status,账户状态
curr_asset_save,当日净存入
like_cnt,点赞量
ysp_cust,期权账户开户数
advisor_name,产品投顾姓名
annual_target_variance,差额
avg_total_asset,开户至今日均总资产
fund_order,支付成功订单
order_exp_pct,体验单占比
stock_client,存量客户客户数
cancel_users,注销户数
plat_reorder,全平台退款订单数
curr_total_asset,资产
cnt,客户数
yt_effective_lost,当年有效户流失数
yt_avgtimes,当年人均交易次数
total_asset,总资产
yt_occur_balance,当年两融利息收入
ths,同花顺渠道新开户数
total_asset_b,衍生品总权益
curr_profit_loss,当日盈亏
gr_balance,个人户交易额
is_only_ndrr,是否仅交易国债逆回购
turnover_rate,周转率
down_50w_month,考察期首次不达标50w大户月份
order_exp_pct,体验单占比
new_stockfund_rate,新开客户股基交易量占比
phone_number1,手机号1
cost_price,单价
effective_daily_avg,有效户数(22日日均)
deposit_curr,入金户数(时点资产>=1k)
effective,有效户数（22日）
deposit_curr,入金户数(时点资产>=1k)
deposit_curr,入金户数（时点资产>=1k）
input_time,创建时间
gr_jj_fare,个人户基金佣金
advisor_name,顾问名称
fare,当月累计净佣金
down_std_month,考察期首次不达标标准有效户月份
fare_commis,升佣
fare_commis,升佣
order_cnt,订单数
chat_time,聊天条数
order_cnt,订单数
current_amount,持仓数量
bjs_balance,股转_北交所交易额
current_amount,持仓数量
order_cnt,订单数
cancel_cnt,取消订单
year_increase_amount,同比增长额
risksurvey_tag,风险测评
limit_secu_market_value,限售股市值
year_increase_amount,同比增长额
khjl,开发关系-客户经理
derivatives_agency_trading_income,衍生品代理买卖业务收入
account_open_users_price,开户申请户单价
new_opt_acc,新开期权账户
new_opt_acc_assets,新开期权户资产额
private_fund_sales,私募基金销售额
deposit_curr,入金户数（时点资产>=1k）
curr_buss_balance,证券交易额
app_cnt,app订单数
filter_date,统计过滤时间
degree,学历
recommend_name,服务经理
channel_name,渠道
current_amount,持仓数量
khjl,开发关系-客户经理
khjl,开发关系-客户经理
farex_ty,升拥金额
business_price,交易价格
cost_price,成本价
nhg_balance,逆回购交易额
dev_rel,开发关系
fare_total_mt,整体佣金息差
ggt_balance,港股通交易额
ad_acc_ann_achv_rate,广告渠道开户数年度达成率
deposit_thstg_tr,投管平台-入金转化（占位）
gr_gp_fare,个人户股票佣金
bjs_balance,股转_北交所交易额
bjs_balance,股转_北交所交易额
prod_market_value,金融产品保有量
srv_rel,服务关系
age_level,年龄层级
fundacct_status,账户状态
goods_click_times,商品点击次数
prev_net_asset,上月月末净资产
churned_cust_peak,流失客户历史峰值最大资产
gmt_modified,修改时间
cust_cnt,客户数
contract_payment,协议支出
total_net_revenue,当月总创收
cust_cnt,客户数
occur_balance,两融利息收入
d1_valid_cnt,day1有效户数
d1_valid_cnt,day1有效户数
business_balance,交易量
curr_profit_loss,当日盈亏
total_effective_account_rate,期末有效户率(%)
end_cash_asset_ordinary,期末普通账户现金资产
total_effective_account_rate,期末有效户率
total_effective_account_rate,期末有效户率
end_cash_asset_ordinary,期末普通账户现金资产
cust_cnt,累计客户数
client_name,委托账户
security_symbol,证券代码
interest_rate,息差
csdc_relation_flag,中登关联关系确认标识
transform_rate,小转大率
recli_cnt,复购客户
transform_rate,小转大率
transform_rate,小转大率
amount,新增创收
c_total_asset,存量AUM
c_total_asset,存量AUM
c_total_asset,存量AUM
is_fee_exempt,是否免5
order_amount,佣金费率
is_order_exp,体验单
corp_risk_level,风险等级
is_online,是否线上客户
tg_effct_comis_cnt,投顾有效升佣客户数
tg_effct_comis_cnt,投顾有效升佣客户数
tg_effct_comis_cnt,投顾有效升佣客户数
autentication_type,开户认证方式：0，双视频认证; 1.单向视频认证 2.活体识别认证 3，姿势识别， 默认为双向视频认证
new_valid_customers_asset,新开有效资产额
system_channel_name,操作来源
relation_confirm_flag,关联关系确认标识
relation_confirm_flag,关联关系确认标识
total_asset,资产总计
deposit_rate,存管费率%
mobile,用户手机号
order_fare_cnts,升佣订单数
sole_code,订单号
save_offline,是否离线保存
save_offline,是否离线保存
msg_id,消息ID
chat_time,聊天条数
curr_total_asset,当前资产
customer_account,资金账号
refund_amount,退款金额
rk,总排名
rk_team,在战队排名
rk_team,在战队排名
risksurvey_update_date,风险测评更新时间stk_step =kh_risksurvey
dd_curr_buss_balance,当日交易量(分层）
staff_id,回访座席人员ID
holiday_name,节日名称
effective_account_ratio,有效户率
profit_loss_2,期初以来总盈亏
total_interest_margin,总息差
curr_total_asset,当前资产
curr_asset_save,当日净存入
risksurvey_date,完成风险测评时间
breakpoint_task_staff_id,召回人员
start_time,视频接入时间
total_asset,时点新户总资产
lost_10thousand_rate,万元资产户流失率
gender,性别
view_count,播放量
like_count,点赞
fan_increase,净增粉丝量
view_count,播放量
live_end_time,直播结束时间
live_end_time,直播结束时间
avg_cost,平均收费标准
asset_prop,账户类型
fare0,今日佣金
comment_cnt,评论量
ysp_rate,期权户覆盖率
pay_type,支付方式
avg_fund_asset,开户至今日均现金资产
refund_order,退款订单
stl_order,小转大订单数
stock_total_asset,存量客户总资产
branch_no,营业部no
curr_total_asset,时点资产
yt_effective_var,当年有效户变动数
yt_sale,当年销售额
fin_close_balance,融资余额
branch_no,营业部no
sjqd,sjqd3渠道新开户数
curr_asset_save,当日净存入
jg_balance,机构户交易额
is_asset_depreciation,是否资产缩水
effective_cnt,有效户数
down_100w_month,考察期首次不达标100w大户月份
stl_order,小转大订单数
branch_no,营业部
new_profit,新开客户代理买卖创收(净佣金+息差)
phone_number2,手机号2
dr_price,单价
effective_curr,有效户数(时点资产>=1w)
effective,有效户数(22日日均)
effective_curr,有效户数（时点资产>=1w）
effective,有效户数(22日日均)
deposit_curr_target_rate_4w,入金户数全年目标达成率（4w）
update_time,修改时间
gr_zq_fare,个人户债券佣金
pay_type,支付方式
curr_total_asset,当月期末日期资产值
down_50w_month,考察期首次不达标50w大户月份
order_cnt,订单数
order_cnt,订单数
lg_cnt,大单数
goods_click_times,商品点击次数
cost_price,单价
nhg_balance,逆回购交易额
cost_price,单价
order_cnt,总订单
year_growth_rate,同比增长率
tpbank_tag,三方存管
sypz_market_value,收益凭证市值
year_growth_rate,同比增长率
gkhjl,归属客户经理
new_effective_accounts,新开有效户数
success_open_users_price,开户成功户单价
new_mgn_acc,新开两融账户
new_ind_acc_assets,新开个人户资产额
life_insurance_sales,寿险销售额
effective,有效户数（22日）
cancel_cnt,取消订单
order_amt,订单金额
curr_total_asset,总资产
is_online,渠道标识(线上线下)
cost_price,成本
gkhjl,归属客户经理
gkhjl,归属客户经理
recommend_name,服务经理
init_date,调仓日期
earning_rate,盈亏率 (市值-成本)/成本
gp_balance,股票交易额
branch_name,营业部
new_fare,新增佣金息差
bjs_balance,股转_北交所交易额
ad_acc_seq_cmpl_rate,广告渠道开户数序时完成率
deposit_thstg_no,投管平台-入金基数（占位）
gr_jj_fare,个人户基金佣金
nhg_balance,逆回购交易额
nhg_balance,逆回购交易额
limit_secu_market_value,限售股市值
dev_rel,开发关系
churned_c_asset,流失户资产
sz_a_account_status,深A账户开通情况
fw_click_times,浮窗点击次数
yoy_net_asset,去年同月月末净资产
curr_total_asset,新开客户资产
day,分区
effective_cnt,有效客户数
incentives,激励
effective_cnt,有效客户数
d3_valid_cnt,day3有效户数
d3_valid_cnt,day3有效户数
fare0,当日净佣金
curr_asset_save,当日净存入
offline_new_account_count,本期线下渠道新开户数
end_custody_market_value_ordinary,期末普通账户托管市值
offline_new_account_count,本期线下渠道新开户数
offline_new_account_count,本期线下渠道新开户数
end_custody_market_value_ordinary,期末普通账户托管市值
curr_total_asset,当日总资产
fund_account,资金账户id(uuid)
security_name,证券简称
tra_day,创收天数
csdc_open_date,中登开户日期
cancel_rate,月退签率
transform_rate,小转大率
cancel_rate,月退签率
cancel_rate,月退签率
client_refund,退签人数
amount,新增创收
amount,新增创收
amount,新增创收
current_rate,当前费率
curr_total_asset,总资产
product_type,产品类型108组合 109服务包
degree,学历
branch_no_name,归属营业部
tg_effct_cash_cnt,投顾有效现金客户数
tg_effct_cash_cnt,投顾有效现金客户数
tg_effct_cash_cnt,投顾有效现金客户数
open_state,当前开户状态(a:待审核;s:审核中;e:审核通过;g:开户成 功;0:未提交;r:审核驳回;p:开户驳回(跑批中出错，被坐席人员驳回);)
new_valid_offline_customers_cnt,新开有效线下客户数
op_source,操作来源
csrc_open_date,中登开户日期
csrc_open_date,中登开户日期
interest_rate,息差利率
evaluation_answer,风险测评答案
effect_order_cash_cnts,有效现金订单数
type,优惠券类型1折扣券;2抵扣券;3满减券;4体验券
verify,验证状态
verify,验证状态
offline_count,离线计数
goods_click_times,商品点击次数
asset_level,资产层级
customer_phone,手机号
order_cash,现金创收
rk_team,在战队排名
tst_create_date,三方存管创建时间
dd_curr_profit_loss,当日盈亏（分层）
task_status,回访单状态
week,星期
transaction_account_quantity,交易数
asset_save,7日净存入
total_revenue_generated,新户总创收
save_flag,净存标识
tpbank_date,完成三方存管时间
breakpoint_task_allocation_time,任务领取或分配时间
video_length,视频时长
total_user_income,新户总创收
total_asset,时点新户总资产
degree,学历
completion_rate,完播率
comment_count,评论
comment_count,评论量
recommended,推荐
live_duration,直播时长
live_duration,直播时长
bq_refund,本期退费金额
organ_flag,用户类型
fare,今日净佣金
fans_increase,粉丝增量
order_amount,订单金额&提佣
curr_total_asset,昨日总资产
pay_type,支付方式(11:微信支付，21支付宝支付，40账户提佣)
stl_amount,小转大订单金额
stock_effective_account,存量客户有效户数
new_margin_count,两融开户数
is_jhrz,是否激活
cl_effective_rate,存量有效户占比
yt_purchase,当年产品购买人数
cash_store_balance,现金资产转取
branch_name,营业部
thstg,同花顺投顾渠道新开户数
save_flag,净存标识
product_balance,产品户交易额
deposit_cnt,入金户数
stl_amount,小转大订单金额
branch_name,营业部名称
stock_client,存量客户客户数
current_dr_price,持仓市值
lost_thousand,千元资产户流失户数
effective_curr,有效户数(时点资产>=1w)
lost_thousand,千元资产户流失户数
effective_curr,有效户数(时点资产>=1w)
deposit_curr_target_rate_8w,入金户数全年目标达成率（8w）
gr_ggt_fare,个人户港股通佣金
order_amount,订单金额
is_only_ndrr,是否仅交易国债逆回购
down_100w_month,考察期首次不达标100w大户月份
cash_amount,现金单金额
fw_click_times,浮窗点击次数
dr_price,单价
money_fund_trade_balance,货币基金交易额
dr_price,单价
renew_cnt,复购订单
stkacct_tag,选择账户
gsgm_market_value,固收公募市值
name,客户姓名
reactivated_valid_accounts,空户激活有效户数
lv2_users_price,领取lv2户单价
new_fut_acc_m_upd,新开期货户（月更）
new_inst_acc_assets,新开机构户资产额
non_life_insurance_sales,非寿险销售额
effective_curr,有效户数（时点资产>=1w）
order_cnt,总订单
order_cash,现金
avg_22_asset,22日均资产
gjjyj,股基净佣金
cost_dr_price,持仓成本市值
name,客户姓名
name,客户姓名
sole_code,订单号
business_time,调仓时间
positions,个股仓位占比
total_balance,汇总交易额
channel_name,渠道
new_fare_mt,新增佣金息差
nhg_balance,逆回购交易额
comm_int_inc,交易佣金及息差收入(万元)
effective_tr,线下当月转化-有效
gr_zq_fare,个人户债券佣金
jj_sale,公募基金销售额
gr_balance,个人户交易额
total_asset_b,衍生品总权益
branch_name,营业部
is_recalled,是否召回
other_sz_a_status,其他家深A开通情况
live_advisor,直播老师
net_asset_mom_growth,净资产环比增长率
curr_total_asset,当日总资产
curr_total_asset,当日总资产
d7_valid_cnt,day7有效户数
d7_valid_cnt,day7有效户数
fare,当日净佣金
save_flag,净存标识
offline_new_effective_account_count,本期线下渠道新开有效户数
end_custody_market_value_credit,期末信用账户存量情况
offline_new_effective_account_count,本期线下渠道新开户有效户数
offline_new_effective_account_count,本期线下渠道新开户有效户数
end_custody_market_value_credit,期末信用账户存量情况
farex,累计分成后净佣金
security_symbol,证券代码
exchange,交易所代码
csdc_ungu_flag,中登不合格标识
cancel_client_cnt,退签人数
cancel_rate,月退签率
cancel_client_cnt,退签人数
cancel_client_cnt,退签人数
client_price,客单价
client_refund,退签人数
client_refund,退签人数
client_refund,退签人数
is_rate_leq_002,是否<=万2
curr_fund_asset,现金资产
is_lg_order,是否为大单
curr_total_asset,总资产
channel_type,渠道类型
tg_total_effct_cnt,投顾有效客户总数
tg_total_effct_cnt,投顾有效客户总数
tg_total_effct_cnt,投顾有效客户总数
recommendno,推荐人编号
new_valid_offline_customers_asset,新开有效线下资产额
fund_account,资金账号_客户账户开立意愿表
csrc_invalid_flag,中登不合格标识
csrc_invalid_flag,中登不合格标识
start_time,开始时间
broker_name,所属券商名称
effect_order_cash_asset,有效现金创收
pool_id,优惠券id
msg_type,消息类型
msg_type,消息类型
pre_count,预计数
fw_click_times,浮窗点击次数
system_channel_name,开户渠道
product_type,产品类型
farex_ty,佣金创收
tst_update_date,三方存管更新时间
dd_curr_asset_save,当日净存入(分层）
task_execute_result,执行结果
week_of_month,月度第几周
transaction_account_ratio,交易率
asset_save_2,期初以来总净存入
is_business_cust,当日是否交易客户
stkacct_date,完成选择账户时间
breakpoint_task_deal_time,任务处理时间
toal_time,总用时
total_real_income,实际总创收
total_user_income,新户总创收
profession_name,职业类型
completion_rate_5s,5s完播率
favorite_count,收藏
like_count,点赞量
likes,喜欢
room_exposure_person_count,直播间曝光人数
room_exposure_person_count,直播间曝光人数
curr_total_asset,资产存量
interest_rate,今日息差
collection_cnt,收藏量
order_cash,订单金额
curr_fund_asset,昨日现金资产
amount,销售额(新投顾有提佣，保留5小数)
stl_rate,小转大单占比
stock_deposit_account,存量客户入金户数
total_activated_count,两融激活数
branch_no,营业部no
cl_customer,存量客户数
mt_times,交易次数MTD
cash_take_balance,现金资产转存
one_open_rate,线上渠道新开户数占比
is_business_cust,当日是否交易客户
asset0_balance,0-1资产用户交易额
profit,创收
stl_rate,小转大单占比
stock_total_asset,存量客户总资产
init_date,业务日期
lost_thousand_rate,千元资产户流失率
lost_thousand,千元资产户流失户数
lost_thousand_rate,千元资产户流失率
lost_thousand,千元资产户流失户数
effective_daily_avg,有效户数（22日）
gr_bjs_fare,个人户北交所佣金
order_cash,订单现金
is_asset_depreciation,是否资产缩水
account_cancel_month,达标后6月内销户月份
app_comm_amount,升佣+现金
current_dr_price,持仓市值
option_trade_volume,场内期权交易张数
current_dr_price,持仓市值
expire_cnt,过期订单
setpwd_tag,设置密码
qygm_market_value,权益公募市值
s_status,报名状态
existing_valid_retained,存量有效户留存数
effective_users_price,有效户单价
obj_app_acc,异议申请户数
new_prod_acc_assets,新开产品户资产额
lost_thousand,千元资产户流失户数
renew_cnt,复购订单
order_commission,订单佣金
curr_fund_asset,现金资产
lrjyj,两融净佣金
asset_price,单价
s_status,报名状态
s_status,报名状态
biz_date,业务日期
gp_fare,股票净佣金
commission_rate_general,佣金费率（普通）
cl_fare,存量佣金息差
gp_balance,股票交易额
comm_int_ann_achv_rate,交易佣金及息差收入年度达成率
effective_no,线下上月非入金-有效
gr_ggt_fare,个人户港股通佣金
sypz_sale,收益凭证销售额
jg_balance,机构户交易额
channel_name,渠道
recalled_c_asset,召回户资产
sh_a_account_status,沪A账户开通情况
branch_name,营业部
net_asset_yoy_growth,净资产同比增长率
cust_cnt,客户数
farex,分成后净佣金
farex,分成后净佣金
d30_valid_cnt,day30有效户数
d30_valid_cnt,day30有效户数
fin_close_balance,融资余额
is_business_cust,当日是否交易客户
offline_new_effective_account_rate,本期线下渠道新开有效户率(%)
end_total_customer_assets,期末客户资产存量总计
offline_new_effective_account_rate,本期线下渠道新开有效户率
offline_new_effective_account_rate,本期线下渠道新开有效户率
end_total_customer_assets,期末客户资产存量总计
interest_rate,累计息差
security_name,证券简称
side,委托方向
csdc_opencrgan_name,中登开户代理机构名称
client_price,客单价
cancel_client_cnt,退签人数
buss_balance,日交易量
current_asset,当前时点资产
farex_ty,升拥金额
is_refund_order,是否为退款单
avg_22_asset,22日均资产
curr_total_asset,当前总资产
tg_ty_asset,投顾升佣资产
tg_ty_asset,投顾升佣资产
tg_ty_asset,投顾升佣资产
client_id,客户号
activated_customers_cnt,空户激活客户数
autentication_type,认证方式_客户账户开立意愿表
opening_agency,开户代理机构
opening_agency,开户代理机构
end_time,结束时间
sales_name,所属营业部名称
effect_order_fare_cnts,有效升佣订单
inputtime,订单创建时间
sms,短信标识
sms,短信标识
push_type,推送类型
fwrymc,服务关系
product_name,产品名称
farex_ty_30,签约30日内佣金创收
tss_create_date,签署协议创建时间
save_sum,今日资产净存入户数
task_execute_cou,执行次数
current_quarter,季度
new_account_total_asset,新户总资产
fare,7日净佣金
fare0,今日佣金
setpwd_date,完成设置密码时间
breakpoint_task_finish_time,任务完成时间
preaudit_date,初审通过时间
fare,总净佣金
total_real_income,实际总创收
is_future,是否期货开户客户
cover_click_rate,封面点击率
follower_increase,涨粉
share_count,分享量
comments,评论量
cumulative_view_count,直播累计观看人数
cumulative_view_cnt,直播累计观看人数
plain_rate,普通利率
share_cnt,分享量
order_commission,提佣
pvg_zqsz,体外资产
cancel_time,取消订单时间
ltl_order,复购订单数
stock_buss_rate,存量客户交易量占比
branch_no,营业部no
yt_times,交易次数YTD
security_store_balance,证券转托管转入
zero_open_rate,线下渠道新开户数占比
fare0,今日佣金
asset1_balance,1-1000资产用户交易额
open_cnt,开户数
ltl_order,复购订单数
stock_effective_account,存量客户有效户数
is_etf,是否etf
lost_10thousand,万元资产户流失户数
lost_thousand_rate,千元资产户流失率
lost_10thousand,万元资产户流失户数
lost_thousand_rate,千元资产户流失率
effective_curr,有效户数（时点资产>=1w）
gr_nhg_fare,个人户南华港佣金
order_commission,订单佣金
expire_cnt,到单
init_date,业务日期
jj_sale,公募基金销售额
init_date,业务日期
commis_cnt,升佣订单
protocol_tag,签署协议
gszg_market_value,固收资管产品市值
off_site,端外 1 端内 0
new_effective_accounts_50w,新开有效户数_50w
50w_users_price,50w大户单价
new_eff_acc_dedup,新开有效户数（去重后）
new_inst_prod_acc_assets,新开机构产品户资产额
lost_thousand_rate,千元资产户流失率
expire_cnt,过期订单
refund_amt,退款
stock_fund_commission,股基净佣金
lrlxsr,两融利息收入
current_dr_price,持仓市值
off_site,端外 1 端内 0
off_site,端外 1 端内 0
jj_fare,基金净佣金
is_effective_account_c,是否有效（有效户）
cl_fare_mt,存量佣金息差
total_balance,场内交易金额
comm_int_seq_cmpl_rate,交易佣金及息差收入序时完成率
effective_ths_tr,线上当月转化-有效
gr_bjs_fare,个人户北交所佣金
sm_sale,私募销售额
product_balance,产品户交易额
commission_rate_general,佣金费率（普通）
other_sh_a_status,其他家沪A开通情况
normal_order,是否购买老师投顾产品，目前状态正常
current_net_commission,本月净佣金
interest_rate,息差
interest_rate,息差
assure_close_balance,存量情况
fare0,今日佣金
online_new_account_count,本期线上渠道新开户数
end_inactive_institution_assets,其中不交易机构户资产
online_new_account_count,本期线上渠道新开户数
online_new_account_count,本期线上渠道新开户数
end_inactive_institution_assets,其中不交易机构户资产
traffic_fee,累计流量费用
exchange,交易所代码
iscredit,是否信用交易
csdc_relationship_organ,关联关系确认机构名称
buss_balance,月交易量
asset_tier,资产层级
recommend_name,服务经理
pay_time_str,支付时间字符串
curr_fund_asset,现金资产
open_date,开户日期
tg_cash_asset,投顾现金资产
tg_cash_asset,投顾现金资产
tg_cash_asset,投顾现金资产
branch_no,营业部编号
activated_customers_asset,空户激活资产额
status,用户状态
relation_confirm_agency,关联关系确认机构
relation_confirm_agency,关联关系确认机构
tg_name,所属投顾姓名
refund_amount,退款金额
pay_time,订单支付时间
sms_delay,短信延迟
sms_delay,短信延迟
read_count,阅读计数
khjlmc,开发关系
order_cash,支付金额
pay_time,支付时间
tss_update_date,签署协议创建时间
lose_sum,今日资产净转出户数
task_execute_date,执行时间
first_of_week,是否为周开头
new_account_average_asset,新户均资产
fare_2,期初以来总净佣金
fare,今日净佣金
protocol_date,完成签署协议时间
reaudit_date,复审通过时间
total_real_fare,实际总净佣金
fare,总净佣金
is_rights,是否私募合格投资者
skip_rate_2s,2s跳出率
share_count,分享
work_count,作品量
shares,分享量
exposure_to_view_rate,曝光进入率(观看人数/曝光人数)
xfc_card_click_cnt,小风车&小卡片点击次数
current_rate,客户活期利率
recommended_cnt,视频号推荐
refund_amount,退款金额
wsjyagyjl,佣金费率CRM
certificate,"身份证号,老投顾来源为5为大同app订单身份证为同一个字符串，用userid代替"
ltl_rate,复购率
stock_stockfund_rate,存量客户股基交易量占比
total_fin_balance,融出资金总额
branch_name,营业部
branch_no,营业部no
security_take_balance,证券转托管转出
ths_rate,同花顺渠道新开户数占比
fare,今日净佣金
asset1000_balance,1000-1w资产用户交易额
curr_buss_balance,总交易量
ltl_rate,复购率
stock_deposit_account,存量客户入金户数
lost_10thousand_rate,万元资产户流失率
lost_10thousand,万元资产户流失户数
lost_10thousand_rate,万元资产户流失户率
lost_10thousand,万元资产户流失户数
effective_curr_target_rate_3w,有效户数全年目标达成率（3w）
jg_gp_fare,机构户股票佣金
refund_amount,退款金额
expire_amt,到期金额
is_etf,是否etf
sypz_sale,收益凭证销售额
is_etf,是否etf
commis_cancel_cnt,升佣取消订单
witness_tag,视频认证
qyzg_market_value,权益资管产品市值
channel_own,开户一级渠道
reactivated_valid_accounts_50w,空户激活有效户数_50w
100w_users_price,100w大户单价
new_ind_eff_acc_dedup,新开个人户有效户数（去重后）
mgn_financing_balance,两融融资余额
lost_10thousand,万元资产户流失户数
commis_cnt,升佣订单
order_cnt,订单数
interest_rate,息差
qqjyj,期权净佣金
init_date,业务日期
channel_own,开户一级渠道
channel_own,开户一级渠道
zq_fare,债券净佣金
is_currently_subscribed_service_pkg,当前是否签约服务包
tg_total,投资咨询业务收入
gp_fare,股票净佣金
new_comm_int_inc,新开佣金息差收入
effective_ths_no,线上上月非入金-有效
gr_nhg_fare,个人户南华港佣金
zg_sale,资管销售额
asset0_balance,0-1资产用户交易额
is_effective_account_c,是否有效（有效户）
refund_order,是否购买老师投顾产品，目前已退款
prev_net_commission,上月净佣金
traffic_fee,流量费用
traffic_fee,流量费用
total_fin_balance,融出资金总额
occur_balance,融资利息收入
fare,今日净佣金
online_new_effective_account_count,本期线上渠道新开有效户数
total_customer_count,期末客户总数
online_new_effective_account_count,本期线上渠道新开户有效户数
online_new_effective_account_count,本期线上渠道新开户有效户数
total_customer_count,期末客户总数
ad_cost,累计消耗成本
price_method,报价方法(子单)
entrust_date,委托日期YYmmDD
csdc_holder_kind,中登证券账户类别
order_exp_cnt,小转大小单数
current_pl,客户当前盈亏
pay_time,支付时间时间戳
stock_fund_commission,股基净佣金
gender,性别
cash_order_amt,现金订单金额
cash_order_amt,现金订单金额
cash_order_amt,现金订单金额
open_account,开户成功标识，1成功，0失败
srv_id,见证人员id
security_account_type,证券账户类别
security_account_type,证券账户类别
tg_certification,投顾证书编号
service_day,订单有效期
sender,发送者
sender,发送者
receive_count,接收计数
balance_ratio_str,佣金费率
effect_date,服务开始时间
introducer_name,推荐人员
tsw_create_date,视频发起创建时间
business_cust_num,今日交易客户数
task__distribution_date,分配时间
last_of_week,是否为周结尾
total_transaction_amount,总交易额
interest_rate,7日息差
interest_rate,今日息差
witness_date,完成视频认证时间
total_interest,总息差
total_real_fare,实际总净佣金
organ_flag,用户类型(个人，机构)
play_duration_avg,平均播放时长
view_duration_avg,人均观看时长
follows,关注量
xfc_card_exposure_count,小风车&小卡片曝光次数
avg_view_duration,人均观看时长(秒)
deposit_rate,存管费率
cancel_status,取消状态
curr_asset_save,开户至今净存入
pay_time_str,服务开始时间
stock_profit,存量客户代理买卖创收(净佣金+息差)
ag_shares_bus_balance,A股交易额
branch_name,营业部
branch_no,营业部no
sjqd_rate,sjqd3渠道新开户数占比
fare_gg,今日净佣金_股基
asset1w_balance,1w-50w资产用户交易额
cancel_cnt,注销客户数
stock_buss_rate,存量客户交易量占比
total_asset,新户总资产
lost_10thousand_rate,万元资产户流失户率
total_asset,新户总资产
lost_10thousand_rate,万元资产户流失户率
effective_curr_target_rate_6w,有效户数全年目标达成率（6w）
jg_jj_fare,机构户基金佣金
cancel_status,取消状态
expire_commis_cnt,升佣到期单
sm_sale,私募销售额
cash_cancel_cnt,现金取消订单
visitsurvey_tag,问卷回访
sm_market_value,私募市值
channel_name,开户二级渠道
converted_valid_50w,存量转化有效户数_50w
50w_shengdang_price,50w升档单价
new_inst_eff_acc,新开机构户有效户数
mgn_daily_avg_financing_bal,两融日均融资余额
lost_10thousand_rate,万元资产户流失户率
commis_cancel_cnt,升佣取消订单
commis_amt,升佣创收金额
margin_interest,两融利息收入
qd_rgf,产品前端认申购费
channel_name,开户二级渠道
channel_name,开户二级渠道
ggt_fare,港股通净佣金
has_historically_subscribed_service_pkg,历史是否签约服务包
tg_total_mt,投资咨询业务收入
jj_fare,基金净佣金
new_comm_int_ann_achv_rate,新开佣金息差年度达成率
effective_sjqd3_tr,手机渠道3-有效转化（占位）
jg_gp_fare,机构户股票佣金
pof_entrust_balance,公募基金认申购委托额
asset1_balance,1-1000资产用户交易额
is_currently_subscribed_service_pkg,当前是否签约服务包
exp_order,是否购买老师投顾产品，且为体验单
yoy_net_commission,去年同月净佣金
farex_ty,提佣金额
farex_ty,提佣金额
ag_shares_bus_balance,A股交易额
b_total_asset,期权资产
fare_gg,今日净佣金_股基
online_new_effective_account_rate,本期线上渠道新开有效户率(%)
total_broker_asset,周期内经纪业务资产
online_new_effective_account_rate,本期线上渠道新开有效户率
online_new_effective_account_rate,本期线上渠道新开有效户率
total_broker_asset,周期内经纪业务资产
leads_count,累计线索数
hedge_type,对冲类型(子单)
deadline_date,预计截止结束YYmmDD
cli_lg_cnt,小转大大单数
pl_tier,客户盈亏层级
cancel_time_str,退款时间
interest_rate,息差
age,年龄
comis_order_amt,佣金订单金额
comis_order_amt,佣金订单金额
comis_order_amt,佣金订单金额
open_create_date,开户成功创建时间
srv_name,见证人员姓名
type,接口调用成功或失败
type,接口调用成功或失败
service_cycle,服务周期
pay_time_end,订单截止时间
create_time,创建时间
create_time,创建时间
send_count,发送计数
channel,渠道归属
uneffect_date,服务结束时间
fwrymc,服务人员
tsw_update_date,视频发起更新时间
fare_rate,今日净佣金费率
task_create_date,导入时间
first_of_month,是否为月头
total_net_commission,总净佣金
interest_rate_2,期初以来总息差
visitsurvey_date,完成问卷回访时间
average_income_per_user,单客创收
total_interest,总息差
is_rzrq,两融是否开户
like_cnt,点赞量
danmu_count,弹幕
forward_chat_pyq,转发聊天和朋友圈
xfc_card_click_count,小风车&小卡片点击次数
new_follower_cnt,新增粉丝数
stockfund_balance,股基交易量
inputtime,订单创建时间
curr_buss_balance,开户至今交易量
pay_time_end_str,服务结束时间
b_shares_bus_balance,B股交易额
branch_name,营业部
thstg_rate,同花顺投顾渠道新开户数占比
interest_rate,今日息差
asset50w_balance,50w-1000w资产用户交易额
business_cnt,有交易客户数
stock_stockfund_rate,存量客户股基交易量占比
total_user_income,新户总创收
total_asset,新户总资产
total_user_income,新户总创收
total_asset,新户总资产
lost_thousand,千元资产户流失户数
jg_zq_fare,机构户债券佣金
inputtime,输入时间
expire_cash_cnt,到期现金单
zg_sale,资管销售额
cash_cnt,现金单
success_tag,提交申请
cash_take_balance,银行转存总金额
first_date,交易第1笔时间
new_account_assets,新开户新增资产
zhongdeng_users_price,中登开户成功户单价
new_prod_eff_acc,新开产品户有效户数
ind_net_deposit,个人户资金净存入
total_asset,新户总资产
cash_cancel_cnt,现金取消订单
lg_order_amt,大单金额
stock_turnover,证券交易额
product_gover,产品管理费
first_date,交易第1笔时间
first_date,交易第1笔时间
bjs_fare,股转_北交所净佣金
avg_daily_asset,日均资产
tg_app_total,APP投顾收入
zq_fare,债券净佣金
new_comm_int_seq_cmpl_rate,新开佣金息差序时完成率
effective_sjqd3_no,手机渠道3-有效基数（占位）
jg_jj_fare,机构户基金佣金
eln_entrust_balance,私募基金认申购委托额
asset1000_balance,1000-1w资产用户交易额
has_historically_subscribed_service_pkg,历史是否签约服务包
fwrymc,服务人员
net_commission_mom_growth,净佣金环比增长率
order_amount,投顾订单金额
order_amount,投顾订单金额
b_shares_bus_balance,B股交易额
fare_all,累计净佣金
interest_rate,今日息差
total_ag_shares_bus_balance,A股交易额(元)
total_fin_balance,周期内融出资金总额
new_margin_count,本期新开两融户数
new_margin_count,本期新开两融户数
total_fin_balance,周期内融出资金总额
zd_cost,累计开户中登成本
side,交易方向
entrust_time,委托时间HHMMSSsss
pl_tier_curr,客户当前盈亏
pay_time_end_str,订单到期时间
margin_interest,两融利息收入
name,姓名
open_update_date,开户成功更新时间
approve_id,审核人员id
service_cycle_start,服务开始日期
product_name,产品名称
forum,论坛
forum,论坛
station_types,站点类型
period_validity,有效期
khjlmc,开发人员
start_time,视频开始时间
fare0,今日佣金（分层）
last_of_month,是否为月尾
total_interest_margin,总息差
status,姓名
success_date,完成提交申请时间
asset_account,有资产户数
average_income_per_user,单客创收
asset_prop,账户类型
share_cnt,分享量
set_as_ringtone,设为铃声
lead_count,留资人数
comment_user_cnt,评论人数
pay_time,订单支付时间
stockfund_balance,开户至今股基交易量
cancel_time_str,退款时间
jj_balance,基金交易额
deposit_tr,当月线下渠道入金户转化数
is_effective_account,当日是否有效户(数金) 1-是 0-否
asset1000w_balance,1000w+资产用户交易额
stock_profit,存量客户代理买卖创收(净佣金+息差)
total_net_commission,总净佣金
total_user_income,新户总创收
total_real_income,实际总创收
total_user_income,新户总创收
lost_thousand_rate,千元资产户流失率
jg_ggt_fare,机构户港股通佣金
pay_time,支付时间
renew_cnt,续费单
pof_entrust_balance,公募基金认申购委托额
lg_amount,大单金额
reexamine_tag,复审通过
cash_store_balance,银行转取总金额
income_amt,总收益金额
reactivated_assets,空户激活资产
web_calculation_formula,前段成本计算公式
new_inst_prod_eff_acc,新开机构产品户有效户数
assess_ind_net_deposit,考核个人户资金净存入
total_user_income,新户总创收
cash_cnt,现金单
lg_order_cnt,大单
is_g_bond,是否进购买国债逆回购
interest_rate,息差
income_amt,总收益金额
income_amt,总收益金额
nhg_fare,逆回购净佣金
curr_buss_balance_month,近一个月交易量
tg_app_mt,APP投顾收入
ggt_fare,港股通净佣金
new_cust_dai_inc_pp,新开客群单人单日创收
effective_thstg_tr,投管平台-有效转化（占位）
jg_zq_fare,机构户债券佣金
pe_entrust_balance,收益凭证认购委托额
asset1w_balance,1w-50w资产用户交易额
avg_daily_asset,日均资产
khjlmc,客户经理
net_commission_yoy_growth,净佣金同比增长率
reg_cnt,注册数
reg_cnt,注册数
jj_balance,基金交易额
business_balance_all,累计交易量
is_effective_account,当日是否有效户(数金) 1-是 0-否
total_bg_shares_bus_balance,B股交易额(元)
avg_trading_days,周期内交易天数
activated_contract_count,合同流水中的激活客户数
activated_contract_count,合同流水中的激活客户数
avg_trading_days,周期内交易天数
curr_users,累计时点客户数
volume,委托数量
total_quantity,委托总数量
is_signed_non_t0,是否签约非T0产品
certificate,身份证号
stock_turnover,证券交易额
phone,手机号
approve_date,审核时间
service_cycle_end,服务结束日期
product_type,产品类型
state,状态
state,状态
terminal,终端类型
order_type,订单类型（体验单/正式单）
branch_name,营业部名称
video_length,视频见证长度
dd_fare,今日净佣金（分层）
first_of_quarter,是否为季度头
total_revenue_generated,新户总创收
name,账户状态
reexamine_date,完成复审通过时间
business_cust,交易户数
asset_account,有资产户数
income,风险测评家庭年收入
comment_cnt,评论量
set_as_status,设为状态
avg_view_duration,人均观看时长(秒)
comment_cnt,评论次数
service_day,订单有效期
fare,开户至今净佣金
service_day,服务天数
money_fund_trade_balance,货币基金交易额
deposit_no,线下渠道上月非入金户数
is_effective_account_c,当日是否有效户(公司) 1-是 0-否
gp_fare_rate,股票交易佣金费率
total_interest_diff,总息差
total_net_commission,总净佣金
total_net_commission,总净佣金
total_real_income,实际总创收
lost_10thousand,万元资产户流失户数
jg_bjs_fare,机构户北交所佣金
service_day,服务天数
fare_commis,升佣金额
eln_entrust_balance,私募基金认申购委托额
cash_amount,现金
fxc_tag,跑批完成
security_store_balance,证券转托管转入
cumulative_return,总榜收益率
existing_client_net_deposit,存量客户资金净存入
new_eff_acc_50w_dedup,新开有效户数_50W（去重后）
inst_net_deposit,机构户资金净存入
total_real_income,实际总创收
lg_amount,大单金额
refund_cnt,退款订单
peak_asset_2025,25年峰值资产
gjjyj_tc,股基净佣金提成
cumulative_return,总榜收益率
cumulative_return,总榜收益率
qq_fare,期权净佣金
total_debit,总负债
tg_ths_total,同花顺投顾收入
bjs_fare,股转_北交所净佣金
new_cust_dai_inc_ann_cmpl_pp,新开客群单人单日创收年度完成率
effective_thstg_no,投管平台-有效基数（占位）
jg_ggt_fare,机构户港股通佣金
amp_entrust_balance,资管产品委托额
asset50w_balance,50w-1000w资产用户交易额
curr_buss_balance_month,近一个月交易量
recommend_name,推荐人
current_commission,本月佣金
ad_cost,消耗成本
ad_cost,消耗成本
money_fund_trade_balance,货币基金交易额
branch_no,营业部no
is_effective_account_c,当日是否有效户(公司) 1-是 0-否
total_jj_balance,基金交易额(元)
ag_turnover_rate,A股周转率
total_activated_count,本期激活客户数
total_activated_count,本期激活客户数
ag_turnover_rate,A股周转率
all_effec_cnt,时点有效户数
price,委托价格
total_amount,委托总金额
signed_products,签约产品
sales_name,销售姓名
is_g_bond,是否进购买国债逆回购
status,客户状态0-正常  3-已销户  F-锁定
staff_id,回访人员id
book_time,订阅时间
advisor_name,投顾
is_push,是否已推送
is_push,是否已推送
title,标题
sales_name,销售关系
is_refund,是否退款
approve_date,视频审核时间
dd_interest_rate,今日息差(分层)
last_of_quarter,是否为季度尾
average_revenue_generated,新户均创收
phone,手机号
fxc_date,跑批完成日期
posi_account,持仓户数
business_cust,交易户数
branch_no,开户营业部_编号
collection_cnt,收藏量
set_as_moments_cover,设为朋友圈封面
new_follower_count,新增粉丝数
room_exposure_cnt,直播间曝光次数
pay_time_end,订单有效期
interest_rate,开户至今息差
product_name,产品名
zq_balance,债券交易额
zero_deposit_rate,线下渠道入金户转化率
is_deposit_account,当日是否入金户（数金) 1-是 0-否
jj_fare_rate,基金交易佣金费率
effective_single_customer_cost,有效户单客成本
total_real_income,实际总创收
total_real_fare,实际总净佣金
total_net_commission,总净佣金
lost_10thousand_rate,万元资产户流失率
jg_nhg_fare,机构户南华港佣金
pay_time_end,支付结束时间
cancel_cnt,退款单
pe_entrust_balance,收益凭证认购委托额
renew_cnt_year,年度复购
open_success_tag,开户完成
security_take_balance,证券转托管转出
etf_bs,总ETF交易量
new_margin_accounts,新开两融账户数
act_dorm_eff_acc,空户激活有效户数
prod_net_deposit,产品户资金净存入
total_net_commission,总净佣金
cash_amount,现金
position_level,仓位
lrjyj_tc,两融净佣金提成
etf_bs,总ETF交易量
etf_bs,总ETF交易量
total_fare,汇总佣金
curr_fund_asset,现金资产
tg_ths_mt,同花顺投顾收入
nhg_fare,逆回购净佣金
ext_comm_int_inc,存量佣金息差收入
jg_bjs_fare,机构户北交所佣金
pof_redemp_amount,公募基金赎回份额
asset1000w_balance,1000w+资产用户交易额
total_debit,总负债
organ_flag,用户类型
current_total_asset,本月总资产
leads_count,线索数
leads_count,线索数
zq_balance,债券交易额
effective_customers,期末有效户数（3万）
is_deposit_account,当日是否入金户（数金) 1-是 0-否
total_zq_balance,债券交易额(元)
unpaid_interest,本期未付利息
new_activated_count,本期新开并激活户数
new_activated_count,本期新开并激活户数
unpaid_interest,本期未付利息
open_cnt_s,累计开户数
state,子单状态
buy_quantity,已买入数量
contact_priority,触达优先级
userid,用户id
peak_asset_2025,25年峰值资产
wsjyagyjl,佣金费率
staff_name,回访人员姓名
book_origin,订阅来源
pay_type,支付方式
push_time,推送时间
push_time,推送时间
introducer_name,订单推荐人
is_effect_cash,是否有效现金订单（订单金额>=799）
total_time,总用时
first_of_year,是否为年度开
estimated_payback_cycle,预估回本周期
branch_no,营业部编号
revenue_days,创收天数
posi_account,持仓户数
branch_no_name,开户营业部_名称
home_visits,主页访问量
comment_user_count,评论人数
room_view_cnt_total,直播累计观看次数
branch_name,营业部名称
book_time_str,订阅时间
bjs_balance,股份转让交易额
deposit_ths_tr,同花顺渠道入金户转化数
is_deposit_account_c,当日是否入金户（公司） 1-是 0-否
zq_fare_rate,债券交易佣金费率
account_roi,开户ROI
total_real_fare,实际总净佣金
total_interest_diff,总息差
total_real_fare,实际总净佣金
total_asset,新户总资产
product_gp_fare,产品户股票佣金
branch_name,分公司名称
commis_cancel_cnt,升佣退款单
amp_entrust_balance,资管产品委托额
fur_amt,未来销售额
assure_close_balance,两融资产存量情况
gj_bs,总股基交易量
new_option_accounts,新开期权账户数
act_dorm_eff_acc_50w,空户激活有效户数_50w
inst_prod_net_deposit,机构产品户资金净存入
total_real_fare,实际总净佣金
refund_cnt,退单
commission_revenue,升拥金额
qqjyj_tc,期权净佣金提成
gj_bs,总股基交易量
gj_bs,总股基交易量
fare_curr,当月净佣金
mt,月份
qq_fare,期权净佣金
ext_comm_int_ann_achv_rate,存量佣金息差年度达成率
jg_nhg_fare,机构户南华港佣金
eln_redemp_amount,私募基金赎回份额
gp_fare_rate,股票交易佣金费率
curr_fund_asset,现金资产
lrlxsr,本月两融利息收入
zd_cost,开户中登成本
zd_cost,开户中登成本
bjs_balance,股份转让交易额
total_customers,期末客户数
is_deposit_account_c,当日是否入金户（公司） 1-是 0-否
total_bjs_balance,股份转让交易额(元)
paid_interest,本期已极付利息
end_period_margin_count,期末账户数
end_period_margin_count,期末账户数
paid_interest,本期已付利息
traded_quantity,已成交数量
buy_amount,已买入金额
is_signed_t0,是否签约T0产品
product_name,产品名称
position_level,仓位
degree,学历
visit_date,回访时间
agreements,签署的所有协议
order_cash,支付金额
attract_img,吸引图片
attract_img,吸引图片
fwrymc,服务关系
is_refund_30,现金订单是否30日内退款
video_type,视频类型
last_of_year,是否为年度尾
open_account_roi,开户ROI
stockfund_balance,股基交易额
revenue_days,创收天数
op_source,渠道来源
fans_increase,粉丝增量
comment_count,评论次数
like_user_cnt,点赞人数
introducer_name,推荐人姓名
ggt_balance,港股通交易额
deposit_ths_no,同花顺渠道上月非入金户户数
stockfund_balance,股基交易量
ggt_fare_rate,港股通交易佣金费率
single_customer_income,单客创收
total_interest_diff,总息差
effective_single_customer_cost,有效户单客成本
total_interest_diff,总息差
total_asset_target_rate,新户总资产全年目标达成率
product_jj_fare,产品户基金佣金
introducer_name,介绍人名称
cash_cancel_cnt,退款现金单
pof_redemp_amount,公募基金赎回份额
fin_close_balance,融资余额
stock_code,重仓ETF代码
new_asset_mgmt_valid,新增资管（私募）有效户
new_fut_eff_acc_m_upd,新开期货有效户数（月更）
etf_mv,场内ETF市值
total_interest_diff,总息差
order_exp_cnt,小单
product_sell_tc,产品销售提成（场内+场外）
stock_code,重仓ETF代码
stock_code,重仓ETF代码
fare_all,累计净佣金
total_fare,佣金收入
ext_comm_int_seq_cmpl_rate,存量佣金息差序时完成率
product_gp_fare,产品户股票佣金
pe_redemp_amount,收益凭证到期清盘份额
jj_fare_rate,基金交易佣金费率
fare_curr,当月净佣金
curr_users,时点客户数
curr_users,时点客户数
ggt_balance,港股通交易额
cash_asset_ordinary,现金资产(普通账户)
stockfund_balance,股基交易量
total_ggt_balance,港股通交易额(元)
total_margin_interest,本期两融利息收入
debt_client_count,有负债客户数
debt_client_count,有负债客户数
total_margin_interest,本期两融利息收入
left_quantity,剩余数量
sell_quantity,已卖出数量
t0_sign_date,签约T0的时间
commission_revenue,升拥金额
is_free_five,是否万一免五
cc_flow_no,呼叫CC流水号
risk_revelation,风险揭示书
refund_amount,退款金额
content,消息内容
content,消息内容
khjlmc,开发关系
tsua_create_date,问卷回访时间
wtbs,委托笔数
name,用户姓名
room_exposure_count,直播间曝光次数
like_cnt,点赞次数
fwrymc,服务人员
nhg_balance,逆回购交易额
ths_deposit_rate,同花顺渠道入金户转化率
earn_balance,两融利息收入
bjs_fare_rate,股转_北交所交易佣金费率
asset_account,有资产户数
effective_single_customer_cost,有效户单客成本
account_roi,开户ROI
effective_single_customer_cost,有效户单客成本
total_user_income,新户总创收
product_zq_fare,产品户债券佣金
fwrymc,未知字段
s_lg_cnt,小转大单
eln_redemp_amount,私募基金赎回份额
fare_close_debit,费用负债金额
stock_name,重仓ETF名称
new_equity_fund_coverage,新增权益公募基金覆盖数
new_fut_eff_acc_50w_m_upd,新开期货有效户数_50W（月更）
fi_pub_fund_mv,固收公募市值
effective_single_customer_cost,有效户单客成本
s_lg_cnt,小转大单
product_gover_tc,产品管理费提成
stock_name,重仓ETF名称
stock_name,重仓ETF名称
has_margin_account,是否开两融账户
in_close_balance_total,两融融出资金总额
ext_cust_dai_inc_pp,存量客群单人单日创收
product_jj_fare,产品户基金佣金
amp_redemp_amount,资管产品赎回份额
zq_fare_rate,债券交易佣金费率
fare_all,累计净佣金
all_effec_cnt,时点有效户数
all_effec_cnt,时点有效户数
nhg_balance,逆回购交易额
custody_market_value_ordinary,托管市值(普通账户)
earn_balance,两融利息收入
total_nhg_balance,逆回购交易额(元)
after_tax_interest,本期税后利息收入
new_option_count,本期新开股票期权账户数
new_option_count,本期新开股票期权账户数
after_tax_interest,本期税后利息收入
traded_amount,已成交金额
sell_amount,已卖出金额
work_ex,标签参考
open_state,开户状态
match_instruction,适当性匹配结果
introducer_name,订单推荐人
group_source,群组来源
group_source,群组来源
branch_name,营业部
tsua_update_date,问卷回访时间
llf,流量费
open_type,开户方式（0-临柜开户;1-见证开户;2-网上开户）
room_view_count_total,直播累计观看次数
share_user_cnt,分享人数
khjlmc,开发人员
total_trade_balance,交易额合计
deposit_sjqd3_tr,sjqd3渠道入金户转化数
plain_interest,今日利息
nhg_fare_rate,逆回购交易佣金费率
business_cust,交易户数
account_roi,开户ROI
single_customer_income,单客创收
account_roi,开户ROI
total_user_income_target_rate,新户总创收全年目标达成率
product_ggt_fare,产品户港股通佣金
khjlmc,无对应人员
lg_amount,大单金额
pe_redemp_amount,收益凭证到期清盘份额
other_close_debit,其他负债金额
stock_poison,时点重仓比例
margin_daily_avg_balance,两融日均融资余额
obj_list_eff_acc,异议申请名单有效户数
equity_pub_fund_mv,权益公募市值
account_roi,开户ROI
renew_cnt_year,年度复购
finance_costs,融资成本
stock_poison,时点重仓比例
stock_poison,时点重仓比例
has_star_market_access,是否开通科创板
pof_entrust_balance,公募基金认申购委托金额
ext_cust_dai_inc_ann_cmpl_pp,存量客群单人单日创收年度完成率
product_zq_fare,产品户债券佣金
ggt_fare_rate,港股通交易佣金费率
has_margin_account,是否开两融账户
open_cnt_s,累计开户数
rsg_ta_fare,认申购手续费
total_trade_balance,交易额合计
cash_asset_credit,现金资产(信用账户)
plain_interest,今日利息
total_jj_sale,基金销售额(元)
monthly_financing_amount,当月融资总额
end_option_count,期末股票期权账户数
end_option_count,期末股票期权账户数
monthly_financing_amount,当月融资总额
entrust_date,委托日期YYMMDD
entrust_strategy_type,策略名称
recommendno,推荐人
username,用户姓名
cancel_status,订单状态
head,头部信息
head,头部信息
farex_ty,升佣创收
sub_visit_date,提交待回访时间
fundacct_status,资产账号状态
xfc_card_exposure_peoples,小风车&小卡片曝光人数
share_cnt,分享次数
customer_manager,核算客户经理
stock_fund_bond_trade_balance,本期股票基金债券交易额
deposit_sjqd3_no,sjqd3渠道上月非入金户数
avg_22_asset,22日均资产
gr_fare_rate,个人户交易佣金费率
posi_account,持仓户数
single_customer_income,单客创收
asset_account,有资产户数
single_customer_income,单客创收
total_net_commission,总净佣金
product_bjs_fare,产品户北交所佣金
customer_manager,客户经理
refund_cnt,退款单
amp_redemp_amount,资管产品赎回份额
fin_close_balance_total,两融融出资金总额
is_gt,重仓ETF是否国泰ETF
equity_fund_assets,权益公募资产
obj_list_eff_acc_50w,异议申请名单有效户数_50w
mmf_mv,货基市值
single_customer_income,单客创收
plat_refund,组合退款单
net_revenue,净创收
is_gt,重仓ETF是否国泰ETF
is_gt,重仓ETF是否国泰ETF
has_gem_access,是否开通创业板
pof_redemp_amount,公募基金赎回份额
mt,月份
product_ggt_fare,产品户港股通佣金
bjs_fare_rate,股转_北交所交易佣金费率
has_star_market_access,是否开通科创板
rsg_ta_fare,认申购手续费
sh_ta_fare,赎回手续费
stock_fund_bond_trade_balance,本期股票基金债券交易额
custody_market_value_credit,托管市值(信用账户)
avg_22_asset,22日均资产
total_sypz_sale,收益凭证销售额(元)
monthly_days,当月天数
trading_option_count,期末股票期权有交易客户数
trading_option_count,期末股票期权有交易客户数
monthly_days,当月天数
entrust_time,委托时间yymmSSsss
state,母单状态
open_day,开户天日期
certificate,用户身份证号码
customer_name,用户姓名
push_guest,推送客户
push_guest,推送客户
max_total_asset,近30日峰值资产
success_create_date,申请成功创建时间stk_step =kh_success
xfc_card_click_peoples,小风车&小卡片点击人数
max_online_users,直播最高在线人数
system_channel_name,二级渠道
option_trade_volume,场内期权交易张数
sjqd3_deposit_rate,sjqd3渠道入金户转化率
pre_total_asset,前一交易日时点总资产
jg_fare_rate,机构户交易佣金费率
revenue_days,创收天数
asset_account,有资产户数
business_cust,交易户数
asset_account,有资产户数
total_interest_diff,总息差
product_nhg_fare,产品户南华港佣金
system_channel_name,系统渠道名称
renew_cnt_year,复购-本年到期
total_liabilities,客户负债总额
gt_bs,总国泰ETF交易量
zg_sale,资管销量
exist_cust_fix,存量客户数（固定数据）
top18_fi_pub_fund_mv,18家重点合作公募基金_固收公募市值
asset_account,有资产户数
refund_amt,当月支付的退款单
gt_bs,总国泰ETF交易量
gt_bs,总国泰ETF交易量
has_bsex_access,是否开通北交所
eln_entrust_balance,私募基金委托金额
nmu_cm,当月新增户数
product_bjs_fare,产品户北交所佣金
nhg_fare_rate,逆回购交易佣金费率
has_gem_access,是否开通创业板
sh_ta_fare,赎回手续费
option_trade_volume,场内期权交易张数
effective_customer_rate,期末有效户率
pre_total_asset,前一交易日时点总资产
total_sm_sale,私募基金销售额(元)
avg_daily_financing,日均融资额
total_ag_shares_bus_balance,本期A股交易额
total_ag_shares_bus_balance,本期A股交易额
avg_daily_financing,日均融资额
ts_update,最后更新时间
synorder_performance,同步订单性能
registration_time,手机注册时间
expiredate,身份证有效期
customer_account,用户资金账号
reach_type,到达类型
reach_type,到达类型
curr_total_asset,客户T-1日资产
success_update_date,申请成功更新时间stk_step =kh_success
is_star_market,是否开通科创板
like_user_count,点赞人数
live_hd_people,直播间互动人数
channel_own,一级渠道
broker_asset,经纪业务周期每日资产
deposit_thstg_tr,同花顺投顾渠道入金户转化数
pre_fund_asset,前一交易日保证金余额
product_fare_rate,产品户交易佣金费率
payback_days,回本天数
business_cust,交易户数
posi_account,持仓户数
business_cust,交易户数
effective_single_customer_cost,有效户单客成本
gr_balance,个人户总余额
channel_own,渠道所有者
a_gp_fare,A股净佣金
gt_amt_avg,国泰持仓均值
sm_sale,私募销量
exist_ind_cust_fix,存量个人客户数（固定数据）
top18_equity_pub_fund_mv,18家重点合作公募基金_权益公募市值
business_cust,交易户数
cancel_amt,退款为当月订单
gt_amt_avg,国泰持仓均值
gt_amt_avg,国泰持仓均值
has_stock_connect_access,是否开通沪深港通
eln_redemp_amount,私募基金赎回份额
nmu_cm_cr,当月新增户数完成率
product_nhg_fare,产品户南华港佣金
gr_fare_rate,个人户交易佣金费率
has_bsex_access,是否开通北交所
curr_effct,时点有效户数
broker_asset,经纪业务周期每日资产
total_customer_assets,期末客户资产总额
pre_fund_asset,前一交易日保证金余额
total_option_trade_volume,场内期权交易张数
margin_interest_rate,本期融资融券利率
total_bg_shares_bus_balance,本期B股交易额
total_bg_shares_bus_balance,本期B股交易额
margin_interest_rate,本期融资融券利率
entrust_strategy_type,算法类型
ts_update,最后更新时间
recommend_name,推荐人姓名
address,联系地址
customer_phone,用户电话号码
receivers,接收者
receivers,接收者
asset_level,资产层级
open_state,当前开户状态
is_gem_board,是否开通创业板
follows_user_count,关注次数
live_hd_cnt,直播间互动次数
curr_total_asset,当前时点总资产
deposit_thstg_no,同花顺投顾渠道上月非入金户数
pvg_zqsz,体外资产
asset0_fare_rate,0-1资产用户净佣金费
posi_account,持仓户数
revenue_days,创收天数
posi_account,持仓户数
account_roi,开户ROI
jg_balance,机构户总余额
curr_total_asset,当前总资产
hb_gp_fare,沪B股票净佣金
other_amt_avg,其他持仓均值
sypz_sale,收益凭证销量
assess_exist_ind_cust,考核存量个人客户数
benefit_cert_mv,收益凭证市值
posi_account,持仓户数
other_amt_avg,其他持仓均值
other_amt_avg,其他持仓均值
sh_hk_enabled,是否开通沪港通
amp_entrust_balance,资管产品委托金额
pco_cm,当月平台渠道开户数
gr_balance,个人户总余额
jg_fare_rate,机构户交易佣金费率
has_stock_connect_access,是否开通沪深港通
inactive_institution_assets,不交易机构户资产
pvg_zqsz,体外资产
total_a_gp_fare,A股净佣金(元)
total_jj_balance,本期基金交易额
total_jj_balance,本期基金交易额
recommend_card,推荐人身份证号
evaluation_time,风测时间
open_date,开户日期
station_types,站点类型
station_types,站点类型
wsjyagyjl,当前费率
tsal_create_date,最终审核时间
is_bse,是否开通北交所
like_count,点赞次数
avg_total_asset,签约时间段日均资产
thstg_deposit_rate,同花顺投顾渠道入金户转化率
farex_ty,提佣金额
asset1_fare_rate,1-1000资产用户净佣金费率
revenue_days,创收天数
payback_days,回本天数
revenue_days,创收天数
single_customer_income,单客创收
product_balance,产品户总余额
avg_total_asset,平均总资产
sb_gp_fare,深B股票净佣金
mon_gt_amt_avg,该客户月国泰ETF持仓均值
exist_inst_cust_fix,存量机构客户数（固定数据）
pe_asset_mgmt_mv,私募资管市值
revenue_days,创收天数
mon_gt_amt_avg,该客户月国泰ETF持仓均值
mon_gt_amt_avg,该客户月国泰ETF持仓均值
sz_hk_enabled,是否开通深港通
amp_redemp_amount,资管产品赎回份额
pco_cm_cr,当月平台渠道开户数完成率
jg_balance,机构户总余额
product_fare_rate,产品户交易佣金费率
sh_hk_enabled,是否开通沪港通
fare_close_debit,费用负债
farex_ty,提佣金额
total_b_gp_fare,B股净佣金(元)
total_zq_balance,本期债券交易额
total_zq_balance,本期债券交易额
occupation,职业
fwrymc,服务人员
terminal,终端
terminal,终端
open_date,开户日期
tsal_update_date,最终审核时间
is_stock_connect,是否开通沪深港通
share_user_count,分享人数
avg_stockfund_balance,签约时间段股基交易量
effective_tr,当月线下渠道有效户转化数
avg_20_asset,20日日均资产
asset1000_fare_rate,1000-1w资产用户净佣金费率
payback_days,回本天数
buss_balance,交易额
payback_days,回本天数
asset_account,有资产户数
asset0_balance,资产 0-1 的总余额
avg_stockfund_balance,平均股票基金余额
gp_fare,股票净佣金
mon_gt_bs,该客户月国泰ETF交易量
exist_prod_cust_fix,存量产品客户数（固定数据）
private_fund_mv,私募基金市值
payback_days,回本天数
mon_gt_bs,该客户月国泰ETF交易量
mon_gt_bs,该客户月国泰ETF交易量
cb_trading_enabled,是否开通可转债
pe_entrust_balance,收益凭证认购委托额
aco_cm,当月广告渠道开户数
product_balance,产品户总余额
asset0_fare_rate,0-1资产用户净佣金费
sz_hk_enabled,是否开通深港通
other_close_debit,其他负债
avg_20_asset,20日日均资产
total_jj_fare,基金净佣金(元)
total_bjs_balance,本期股转+北交所交易额
total_bjs_balance,本期股转+北交所交易额
receive_time,接收时间
khjlmc,开发人员
timing_time,定时时间
timing_time,定时时间
coupon_types,优惠券类型
end_time,审核结束时间
is_xsb,是否开通新三板
share_count,分享次数
wsjyagyjl,签约时佣金费率
effective_no,线下渠道上月非有效户
is_asset_depreciation,资产是否缩水
asset1w_fare_rate,1w-50w资产用户净佣金费率
channel_avg_asset,日均资产
business_cust,交易户数
asset1_balance,资产 1-1000 的总余额
jj_fare,基金净佣金
mon_other_amt_avg,该客户月其他ETF持仓均值
exist_inst_prod_fix,存量机构客户数（固定数据）
buss_balance,交易额
mon_other_amt_avg,该客户月其他ETF持仓均值
mon_other_amt_avg,该客户月其他ETF持仓均值
wma_active,是否开通理财账户
pe_redemp_amount,收益凭证到期清盘份额
aco_cm_cr,当月广告渠道开户数完成率
asset0_balance,资产 0-1 的总余额
asset1_fare_rate,1-1000资产用户净佣金费率
cb_trading_enabled,是否开通可转债
total_financing_amount,融出资金总额
is_asset_depreciation,资产是否缩水
total_zq_fare,债券净佣金(元)
total_ggt_balance,本期港股通交易额
total_ggt_balance,本期港股通交易额
update_time,更新时间
branch_name,营业部
update_time,更新时间
update_time,更新时间
order_no,订单号
receive_create_date,审核领取时间
is_hgt,是否开通沪港通
live_ad_cost,直播广告消耗
open_date,开户日期
zero_effective_rate,线下渠道有效户转化率
fare_finance,财务股基无提佣结算口径净佣金
asset50w_fare_rate,50w-1000w资产用户净佣金费率
channel_avg_balance,日均交易量
posi_account,持仓户数
asset1000_balance,资产 1000-10000 的总余额
open_date,开户日期
zq_fare,债券净佣金
mon_dr_price_avg,该客户月总ETF持仓均值
exist_eff_acc_gte_1w_fix,存量有效户数（≥1W）（固定数据）
channel_avg_asset,日均资产
mon_dr_price_avg,该客户月总ETF持仓均值
mon_dr_price_avg,该客户月总ETF持仓均值
is_qualified_private_fund_investor,是否开通私募基金合格投资者
tci_cm,当月交易佣金及息差收入
asset1_balance,资产 1-1000 的总余额
asset1000_fare_rate,1000-1w资产用户净佣金费率
wma_active,是否开通理财账户
ag_shares_bus_balance,A股交易额
fare_finance,财务股基无提佣结算口径净佣金
total_bjs_fare,股份转让净佣金(元)
total_nhg_balance,本期逆回购交易额
total_nhg_balance,本期逆回购交易额
exp_transform,体验订单转化与否
refund_orders,退订订单号
result,审核结果
is_sgt,是否开通深港通
lead_count_24h,留资次数
gender,性别
effective_ths_tr,同花顺渠道有效户转化数
farex,公司所得分成后净佣金(不算提佣)
asset1kw_fare_rate,1000w+资产用户净佣金费率
daily_turnover,每日周转
revenue_days,创收天数
asset1w_balance,资产 10000-500000 的总余额
gender,性别
ggt_fare,港股通净佣金
mon_etf_bs,该客户月总ETF交易量
dorm_acc_fix,空户数（固定数据）
channel_avg_balance,日均交易量
mon_etf_bs,该客户月总ETF交易量
mon_etf_bs,该客户月总ETF交易量
is_qualified_asset_mgmt_investor,是否开通资管合格投资者
tci_cm_cr,当月交易佣金及息差收入完成率
asset1000_balance,资产 1000-10000 的总余额
asset1w_fare_rate,1w-50w资产用户净佣金费率
is_qualified_private_fund_investor,是否开通私募基金合格投资者
b_shares_bus_balance,B股交易额
farex,公司所得分成后净佣金(不算提佣)
total_ggt_fare,港股通净佣金(元)
total_jj_sale,本期基金销售额
total_jj_sale,本期基金销售额
order_renew,正常订单续约与否
step,驳回步骤
is_kzz,是否开通可转债
lead_count_24h_dm,直播引导私信24小时留资次数
degree,学历
effective_ths_no,同花顺渠道上月非有效户数
traffic_fee,流量费
gr_balance_a,个人户A股交易额
payback_days,回本天数
asset50w_balance,资产 500000-10000000 的总余额
degree,学历
bjs_fare,股转_北交所净佣金
mon_gj_bs,该客户月总股基交易量
exist_eff_acc_1w_5w_fix,存量有效户数(1W-5W)-（固定数据）
daily_turnover,每日周转
mon_gj_bs,该客户月总股基交易量
mon_gj_bs,该客户月总股基交易量
open_date,开户时间
nci_cm,当月新开佣金息差收入
asset1w_balance,资产 10000-500000 的总余额
asset50w_fare_rate,50w-1000w资产用户净佣金费率
is_qualified_asset_mgmt_investor,是否开通资管合格投资者
jj_balance,基金交易额
traffic_fee,流量费
total_nhg_fare,逆回购净佣金(元)
total_sypz_sale,本期收益凭证销售额
total_sypz_sale,本期收益凭证销售额
sales_name,销售姓名
rejreason,驳回原因
is_qib,是否开通私募基金合格投资者
live_interaction_rate,直播互动率
card,身份证号
ths_effective_rate,同花顺渠道有效户转化率
gr_asset,个人户期末总资产
asset1000w_balance,资产 10000000 以上的总余额
card,身份证号
nhg_fare,逆回购净佣金
curr_total_asset,客户时点总(净)资产
exist_conv_acc_50w,存量转化数_50w
curr_total_asset,客户时点总(净)资产
curr_total_asset,客户时点总(净)资产
pvg_zqsz,体外资产
nci_cm_cr,当月新开佣金息差收入完成率
asset50w_balance,资产 500000-10000000 的总余额
asset1kw_fare_rate,1000w+资产用户净佣金费率
open_date,开户时间
money_fund_trade_balance,货币基金交易额
total_qq_fare,其他净佣金(元)
total_sm_sale,本期私募基金销售额
total_sm_sale,本期私募基金销售额
farex_ty,提佣金额
rej_create_date,驳回时间
is_am,是否开通资管合格投资者
max_online_users,直播最高在线人数
age,年龄
effective_sjqd3_tr,sjqd3渠道有效户转化数
gr_balance_a_rate,个人户周转率
gp_fare,全客群股票佣金
age,年龄
qq_fare,期权净佣金
organ_flag,客户类型
exist_eff_acc_50w_fix,存量有效户数(50W)-（固定数据）
organ_flag,客户类型
organ_flag,客户类型
channel_type,渠道分类
ncpi_cm,当月新开客群单人单日创收
asset1000w_balance,资产 10000000 以上的总余额
gr_balance_a,个人户A股交易额
pvg_zqsz,体外资产
zq_balance,债券交易额
a_stock_commission_rate,A股佣金费率(%)
total_option_trade_volume,本期股票期权交易量
total_option_trade_volume,本期股票期权交易量
rej_update_date,驳回时间
is_only_fund,是否仅开通基金账户1-是 0-否
live_view_duration,直播间观看时长(秒)
curr_posi,当前仓位
effective_sjqd3_no,sjqd3渠道上月非有效户数
gr_fare_a_rate,个人户A股净佣金费率
jj_fare,全客群基金佣金
curr_posi,当前持仓
rsg_ta_fare,认申购手续费
exist_lost_acc_50w,存量流失数_50w
ncpi_cm_cr,当月新开客群单人单日创收完成率
gp_fare,全客群股票佣金
gr_asset,个人户期末总资产
channel_type,渠道分类
bjs_balance,股份转让交易额
new_margin_account_count,本期新开两融户数
total_a_gp_fare,本期A股净佣金
total_a_gp_fare,本期A股净佣金
open_create_date,开户完成时间
is_tf_fund,"是否太分营业部客户： 1 是, 0 否"
lead_bd_xs_count,直播表单提交线索用户数
sales_name,订单销售人
sjqd3_effective_rate,sjqd3渠道有效户转化率
jg_balance_a,机构户A股交易额
zq_fare,全客群债券佣金
day,日期
sh_ta_fare,赎回手续费
exist_non_asset_mgmt_2016_24_fix,存量未购买资管户数（2016—2024）-（固定数据）
sci_cm,当月存量佣金息差收入
jj_fare,全客群基金佣金
gr_balance_a_rate,个人户周转率
ggt_balance,港股通交易额
activated_contract_count,合同流水中的激活客户数
total_b_gp_fare,本期B股净佣金
total_b_gp_fare,本期B股净佣金
open_update_date,开户完成时间
system_channel_name,开户渠道
live_dm_entry_count,直播进入私信次数
effective_thstg_tr,同花顺投顾渠道有效户转化数
jg_asset,机构户期末总资产
ggt_fare,全客群港股通佣金
farex,未知字段，假设为小数
etf_market_value,场内ETF市值
exist_non_pe_2016_24_fix,存量未购买私募户数（2016—2024）-（固定数据）
sci_cm_cr,当月存量佣金息差收入完成率
zq_fare,全客群债券佣金
gr_fare_a_rate,个人户A股净佣金费率
nhg_balance,逆回购交易额
total_activated_count,本期激活客户数
total_jj_fare,本期基金净佣金
total_jj_fare,本期基金净佣金
task_update_date,当前跑批时间
is_online,1线上，0线下
lead_phone_xs_count,直播联系电话线索用户数
effective_thstg_no,同花顺投顾渠道上月非有效户数
jg_balance_a_rate,机构户周转率
bjs_fare,全客群北交所佣金
is_yg,是否有效
smzg_market_value,私募资管市值
exist_non_equity_fund_2022_24_fix,存量未购买权益公募基金户数（2022-2024）-（固定数据）
scpi_cm,当月存量客群单人单日创收
ggt_fare,全客群港股通佣金
jg_balance_a,机构户A股交易额
total_trade_balance,交易额合计
new_activated_count,本期新开并激活户数
total_zq_fare,本期债券净佣金
total_zq_fare,本期债券净佣金
fundaccount_create_date,资金账户开设时间
live_hd_people,直播间互动人数
thstg_effective_rate,同花顺投顾渠道有效户转化率
jg_fare_a_rate,机构户A股净佣金费率
nhg_fare,全客群南华港佣金
hb_market_value,货基市值（场外）
scpi_cm_cr,当月存量客群单人单日创收完成率
bjs_fare,全客群北交所佣金
jg_asset,机构户期末总资产
stock_fund_bond_trade_balance,本期股票基金债券交易额
end_period_account_count,期末账户数
total_bjs_fare,本期股转+北交所净佣金
total_bjs_fare,本期股转+北交所净佣金
cc_flow_no,呼叫中心流水号
live_hd_count,直播间互动次数
effective_1w,1w-50w有效户数
product_balance_a,产品户A股交易额
gr_fare,个人户总佣金
nhg_fare,全客群南华港佣金
jg_balance_a_rate,机构户周转率
option_trade_volume,场内期权交易张数
debt_account_count,有负债客户数
total_ggt_fare,本期港股通净佣金
total_ggt_fare,本期港股通净佣金
xs_cost,直播间线索成本
effective_50w,50w-1000w有效户数
product_asset,产品户期末总资产
jg_fare,机构户总佣金
gr_fare,个人户总佣金
jg_fare_a_rate,机构户A股净佣金费率
broker_asset,经纪业务周期内资产
new_option_account_count,本期新开股票期权账户数
total_nhg_fare,本期逆回购净佣金
total_nhg_fare,本期逆回购净佣金
xs_conversion_rate,直播线索转化率
effective_1000w,1000w+有效户数
product_balance_a_rate,产品户周转率
product_fare,产品户总佣金
jg_fare,机构户总佣金
product_balance_a,产品户A股交易额
total_fin_balance,周期内融出资金总额
end_option_account_count,期末股票期权账户数
total_qq_fare,本期期权净佣金
total_qq_fare,本期期权净佣金
online_users_avg,直播平均在线人数
effective_0,0-1Y有效户数
product_fare_a_rate,产品户A股净佣金费率
asset0_fare,资产 0-1 的总佣金
product_fare,产品户总佣金
product_asset,产品户期末总资产
avg_broker_asset,经纪业务周期日均资产
trading_option_account_count,期末股票期权有交易客户数
other_company_sales,本期代销其他公司资管销售额
other_company_sales,本期代销其他公司资管销售额
organic_traffic_xs_count,直播自然流量线索次数
effective_1,1-5Y有效户数
balance0_a,0-1资产用户A股交易额
asset1_fare,资产 1-1000 的总佣金
asset0_fare,资产 0-1 的总佣金
product_balance_a_rate,产品户周转率
ag_turnover_rate,A股周转率
opt_market_value,期末衍生品账户资产(元)
own_company_sales,本期销售本公司资管销售额
own_company_sales,本期销售本公司资管销售额
paid_traffic_xs_count,直播付费流量线索次数
effective_5,5-15Y有效户数
asset_0,0-1资产用户期末总资产
asset1000_fare,资产 1000-10000 的总佣金
asset1_fare,资产 1-1000 的总佣金
product_fare_a_rate,产品户A股净佣金费率
avg_total_fin_balance,日均融出资金总额
prod_market_value,期末金融产品保有量(元)
total_sales,本期销售额合计
total_sales,本期销售额合计
live_ad_xs_cost,直播广告线索成本
effective_15,15Y+有效户数
balance0_a_rate,0-1资产用户周转率
asset1w_fare,资产 10000-500000 的总佣金
asset1000_fare,资产 1000-10000 的总佣金
balance0_a,0-1资产用户A股交易额
limit_secu_market_value,期末限售股存量(元)
fund_balance,期末基金保有量
fund_balance,期末基金保有量
shelf_service_exposure_count,货架服务曝光次数
deposit_1y,1-1000入金户数
fare0_a_rate,0-1资产用户A股净佣金费率
asset50w_fare,资产 500000-10000000 的总佣金
asset1w_fare,资产 10000-500000 的总佣金
asset_0,0-1资产用户期末总资产
fin_close_balance,两融资产存量情况(元)
other_company_balance,期末代销其他公司资管保有量
other_company_balance,期末代销其他公司资管保有量
shelf_service_exposure_people,货架服务曝光人数
deposit_1k,1000-1w入金户数
balance1_a,1-1000资产用户A股交易额
asset1kw_fare,资产 10000000 以上的总佣金
asset50w_fare,资产 500000-10000000 的总佣金
balance0_a_rate,0-1资产用户周转率
total_liabilities,客户负债总额(元)
own_company_balance,期末销售本公司资管保有量
own_company_balance,期末销售本公司资管保有量
shelf_service_click_count,货架服务点击次数
deposit_1w,1w-50w入金户数
asset_1,1-1000资产用户期末总资产
gr_balance_a,个人户 A 股余额
asset1kw_fare,资产 10000000 以上的总佣金
fare0_a_rate,0-1资产用户A股净佣金费率
guarantee_ratio,维持担保比例
sypz_balance,期末收益凭证保有量
sypz_balance,期末收益凭证保有量
shelf_service_click_people,货架服务点击人数
deposit_50w,50w-1000w入金户数
balance1_a_rate,1-1000资产用户周转率
gr_fare_a,个人户 A 股佣金
gr_balance_a,个人户 A 股余额
balance1_a,1-1000资产用户A股交易额
fare_close_debit,期末费用负债金额(元)
sm_balance,期末私募基金保有量
sm_balance,期末私募基金保有量
deposit_1000w,1000w+入金户数
fare1_a_rate,1-1000资产用户A股净佣金费率
jg_balance_a,机构户 A 股余额
gr_fare_a,个人户 A 股佣金
asset_1,1-1000资产用户期末总资产
other_close_debit,期末其他负债金额(元)
total_financial_products_balance,期末金融产品保有量合计
total_financial_products_balance,期末金融产品保有量合计
deposit_0,0-1Y入金户数
balance1k_a,1000-1w资产用户A股交易额
jg_fare_a,机构户 A 股佣金
jg_balance_a,机构户 A 股余额
balance1_a_rate,1-1000资产用户周转率
fin_close_balance_total,期末融出资金总额(元)
a_stock_commission_rate,本期A股佣金费率
a_stock_commission_rate,本期A股佣金费率
deposit_1,1-5Y入金户数
asset_1000,1000-1w资产用户期末总资产
product_balance_a,产品户 A 股余额
jg_fare_a,机构户 A 股佣金
fare1_a_rate,1-1000资产用户A股净佣金费率
inactive_institution_assets,不交易机构户资产(元)
opt_market_value,期末衍生品账户资产
opt_market_value,期末衍生品账户资产
deposit_5,5-15Y入金户数
balance1k_a_rate,1000-1w资产用户周转率
product_fare_a,产品户 A 股佣金
product_balance_a,产品户 A 股余额
balance1k_a,1000-1w资产用户A股交易额
prod_market_value,期末金融产品保有量_资产表
prod_market_value,期末金融产品保有量_资产表
deposit_15,15Y+入金户数
fare1k_a_rate,1000-1w资产用户A股净佣金费率
balance0_a,资产 0-1 的 A 股余额
product_fare_a,产品户 A 股佣金
asset_1000,1000-1w资产用户期末总资产
limit_secu_market_value,期末限售股存量
limit_secu_market_value,期末限售股存量
trans,交易户数
balance1w_a,1w-50w资产用户A股交易额
fare0_a,资产 0-1 的 A 股佣金
balance0_a,资产 0-1 的 A 股余额
balance1k_a_rate,1000-1w资产用户周转率
assure_close_balance,两融资产存量情况
assure_close_balance,两融资产存量情况
trans_0y,0-1交易户数
asset_1w,1w-50w资产用户期末总资产
balance1_a,资产 1-1000 的 A 股余额
fare0_a,资产 0-1 的 A 股佣金
fare1k_a_rate,1000-1w资产用户A股净佣金费率
total_liabilities,客户负债总额
total_liabilities,客户负债总额
trans_1y,1-1000交易户数
balance1w_a_rate,1w-50w资产用户周转率
fare1_a,资产 1-1000 的 A 股佣金
balance1_a,资产 1-1000 的 A 股余额
balance1w_a,1w-50w资产用户A股交易额
guarantee_ratio,维持担保比例
guarantee_ratio,维持担保比例
trans_1k,1000-1w交易户数
fare1w_a_rate,1w-50w资产用户A股净佣金费率
balance1k_a,资产 1000-10000 的 A 股余额
fare1_a,资产 1-1000 的 A 股佣金
asset_1w,1w-50w资产用户期末总资产
fin_close_balance,期末融资余额
fin_close_balance,期末融资余额
trans_1w,1w-50w交易户数
balance50w_a,50w-1000w资产用户A股交易额
fare1k_a,资产 1000-10000 的 A 股佣金
balance1k_a,资产 1000-10000 的 A 股余额
balance1w_a_rate,1w-50w资产用户周转率
fare_close_debit,期末费用负债金额
fare_close_debit,期末费用负债金额
trans_50w,50w-1000w交易户数
asset_50w,50w-1000w资产用户期末总资产
balance1w_a,资产 10000-500000 的 A 股余额
fare1k_a,资产 1000-10000 的 A 股佣金
fare1w_a_rate,1w-50w资产用户A股净佣金费率
other_close_debit,期末其他负债金额
other_close_debit,期末其他负债金额
trans_1000w,1000w+交易户数
balance50w_a_rate,50w-1000w资产用户周转率
fare1w_a,资产 10000-500000 的 A 股佣金
balance1w_a,资产 10000-500000 的 A 股余额
balance50w_a,50w-1000w资产用户A股交易额
fin_close_balance_total,期末融出资金总额
fin_close_balance_total,期末融出资金总额
trans_0,0-1Y交易户数
fare50w_a_rate,50w-1000w资产用户A股净佣金费率
balance50w_a,资产 500000-10000000 的 A 股余额
fare1w_a,资产 10000-500000 的 A 股佣金
asset_50w,50w-1000w资产用户期末总资产
trans_1,1-5Y交易户数
balance1kw_a,1000w+资产用户A股交易额
fare50w_a,资产 500000-10000000 的 A 股佣金
balance50w_a,资产 500000-10000000 的 A 股余额
balance50w_a_rate,50w-1000w资产用户周转率
trans_5,5-15Y交易户数
asset_1000w,1000w+资产用户期末总资产
balance1kw_a,资产 10000000 以上的 A 股余额
fare50w_a,资产 500000-10000000 的 A 股佣金
fare50w_a_rate,50w-1000w资产用户A股净佣金费率
trans_15,15Y+交易户数
balance1kw_a_rate,1000w+资产用户周转率
fare1kw_a,资产 10000000 以上的 A 股佣金
balance1kw_a,资产 10000000 以上的 A 股余额
balance1kw_a,1000w+资产用户A股交易额
business,购买产品户数
fare1kw_a_rate,1000w+资产用户A股净佣金费率
balance0y_a,年限 <=1 的 A 股余额
fare1kw_a,资产 10000000 以上的 A 股佣金
asset_1000w,1000w+资产用户期末总资产
business_0y,0-1购买产品户数
balance0y_a,0-1Y账龄户A股交易额
fare0y_a,年限 <=1 的 A 股佣金
balance0y_a,年限 <=1 的 A 股余额
balance1kw_a_rate,1000w+资产用户周转率
business_1y,1-1000购买产品户数
asset_0y,0-1Y账龄户期末总资产
balance1y_a,年限 1-5 的 A 股余额
fare0y_a,年限 <=1 的 A 股佣金
fare1kw_a_rate,1000w+资产用户A股净佣金费率
business_1k,1000-1w购买产品户数
balance0y_a_rate,0-1Y账龄户周转率
fare1y_a,年限 1-5 的 A 股佣金
balance1y_a,年限 1-5 的 A 股余额
balance0y_a,0-1Y账龄户A股交易额
business_1w,1w-50w购买产品户数
fare0y_a_rate,0-1Y账龄户A股净佣金费率
balance5y_a,年限 5-15 的 A 股余额
fare1y_a,年限 1-5 的 A 股佣金
asset_0y,0-1Y账龄户期末总资产
business_50w,50w-1000w购买产品户数
balance1y_a,1-5Y账龄户A股交易额
pfare5y_a,年限 5-15 的 A 股佣金
balance5y_a,年限 5-15 的 A 股余额
balance0y_a_rate,0-1Y账龄户周转率
business_1000w,1000w+购买产品户数
asset_1y,1-5Y账龄户期末总资产
balance15y_a,年限 >15 的 A 股余额
pfare5y_a,年限 5-15 的 A 股佣金
fare0y_a_rate,0-1Y账龄户A股净佣金费率
business_0,0-1Y购买产品户数
balance1y_a_rate,1-5Y账龄户周转率
fare15y_a,年限 >15 的 A 股佣金
balance15y_a,年限 >15 的 A 股余额
balance1y_a,1-5Y账龄户A股交易额
business_1,1-5Y购买产品户数
fare1y_a_rate,1-5Y账龄户A股净佣金费率
jj_sale,基金销售金额
fare15y_a,年限 >15 的 A 股佣金
asset_1y,1-5Y账龄户期末总资产
business_5,5-15Y购买产品户数
balance5y_a,5-15Y账龄户A股交易额
jj0_sale,资产 0-1 的基金销售金额
jj_sale,基金销售金额
balance1y_a_rate,1-5Y账龄户周转率
business_15,15Y+购买产品户数
asset_5y,5-15Y账龄户期末总资产
total0_sale,资产 0-1 的总销售金额
jj0_sale,资产 0-1 的基金销售金额
fare1y_a_rate,1-5Y账龄户A股净佣金费率
branch_no,营业部no
balance5y_a_rate,5-15Y账龄户周转率
jj1_sale,资产 1-1000 的基金销售金额
total0_sale,资产 0-1 的总销售金额
balance5y_a,5-15Y账龄户A股交易额
branch_name,营业部
pfare5y_a_rate,5-15Y账龄户A股净佣金费率
total1_sale,资产 1-1000 的总销售金额
jj1_sale,资产 1-1000 的基金销售金额
asset_5y,5-15Y账龄户期末总资产
balance15y_a,15Y+账龄户A股交易额
jj1k_sale,资产 1000-10000 的基金销售金额
total1_sale,资产 1-1000 的总销售金额
balance5y_a_rate,5-15Y账龄户周转率
asset15y,15Y+账龄户期末总资产
tota1k_sale,资产 1000-10000 的总销售金额
jj1k_sale,资产 1000-10000 的基金销售金额
pfare5y_a_rate,5-15Y账龄户A股净佣金费率
balance15y_a_rate,15Y+账龄户周转率
jj1w_sale,资产 10000-500000 的基金销售金额
tota1k_sale,资产 1000-10000 的总销售金额
balance15y_a,15Y+账龄户A股交易额
fare15y_a_rate,15Y+账龄户A股净佣金费率
total1w_sale,资产 10000-500000 的总销售金额
jj1w_sale,资产 10000-500000 的基金销售金额
asset15y,15Y+账龄户期末总资产
total_sale,销售总额
jj50w_sale,资产 500000-10000000 的基金销售金额
total1w_sale,资产 10000-500000 的总销售金额
balance15y_a_rate,15Y+账龄户周转率
sypz_sale,收益凭证销售额
total50w_sale,资产 500000-10000000 的总销售金额
jj50w_sale,资产 500000-10000000 的基金销售金额
fare15y_a_rate,15Y+账龄户A股净佣金费率
sm_sale,私募销售额
jj1kw_sale,资产 10000000 以上的基金销售金额
total50w_sale,资产 500000-10000000 的总销售金额
total_sale,销售总额
zg_sale,资管销售额
tota11kw_sale,资产 10000000 以上的总销售金额
jj1kw_sale,资产 10000000 以上的基金销售金额
sypz_sale,收益凭证销售额
jj0_sale,0-1资产用户基金销售额
jj_gr_sale,个人户基金销售金额
tota11kw_sale,资产 10000000 以上的总销售金额
sm_sale,私募销售额
other_jj0_sale,0-1资产用户其他产品销售额
total_gr_sale,个人户总销售金额
jj_gr_sale,个人户基金销售金额
zg_sale,资管销售额
jj1_sale,1-1000资产用户基金销售额
jj_jg_sale,机构户基金销售金额
total_gr_sale,个人户总销售金额
jj0_sale,0-1资产用户基金销售额
other_jj1_sale,1-1000资产用户其他产品销售额
total_jg_sale,机构户总销售金额
jj_jg_sale,机构户基金销售金额
other_jj0_sale,0-1资产用户其他产品销售额
jj1k_sale,1000-1w资产用户基金销售额
jj_product_sale,产品户基金销售金额
total_jg_sale,机构户总销售金额
jj1_sale,1-1000资产用户基金销售额
other_jj1k_sale,1000-1w资产用户其他产品销售额
total_product_sale,产品户总销售金额
jj_product_sale,产品户基金销售金额
other_jj1_sale,1-1000资产用户其他产品销售额
jj1w_sale,1w-50w资产用户基金销售额
total_product_sale,产品户总销售金额
jj1k_sale,1000-1w资产用户基金销售额
other_jj1w_sale,1w-50w资产用户其他产品销售额
other_jj1k_sale,1000-1w资产用户其他产品销售额
jj50w_sale,50w-1000w资产用户基金销售额
jj1w_sale,1w-50w资产用户基金销售额
other_jj50w_sale,50w-1000w资产用户其他产品销售额
other_jj1w_sale,1w-50w资产用户其他产品销售额
jj1kw_sale,1000w+资产用户基金销售额
jj50w_sale,50w-1000w资产用户基金销售额
other_jj1kw_sale,1000w+资产用户其他产品销售额
other_jj50w_sale,50w-1000w资产用户其他产品销售额
jj_gr_sale,个人户基金销售额
jj1kw_sale,1000w+资产用户基金销售额
other_jj_gr_sale,个人户其他产品销售额
other_jj1kw_sale,1000w+资产用户其他产品销售额
jj_jg_sale,机构户基金销售额
jj_gr_sale,个人户基金销售额
other_jj_jg_sale,机构户其他产品销售
other_jj_gr_sale,个人户其他产品销售额
jj_product_sale,产品户基金销售额
jj_jg_sale,机构户基金销售额
other_jj_product_sale,产品户其他产品销售额
other_jj_jg_sale,机构户其他产品销售
gp_fare,股票净佣金
jj_product_sale,产品户基金销售额
jj_fare,基金净佣金
other_jj_product_sale,产品户其他产品销售额
zq_fare,债券净佣金
gp_fare,股票净佣金
ggt_fare,港股通净佣金
jj_fare,基金净佣金
bjs_fare,股转_北交所净佣金
zq_fare,债券净佣金
nhg_fare,逆回购净佣金
ggt_fare,港股通净佣金
qq_fare,期权净佣金
bjs_fare,股转_北交所净佣金
sg_ta_fare,申购手续费
nhg_fare,逆回购净佣金
sh_ta_fare,赎回手续费
qq_fare,期权净佣金
gr_gp_fare,个人户股票净佣金
sg_ta_fare,申购手续费
gr_jj_fare,个人户基金净佣金
sh_ta_fare,赎回手续费
gr_zq_fare,个人户债券净佣金
gr_gp_fare,个人户股票净佣金
gr_ggt_fare,个人户港股通净佣金
gr_jj_fare,个人户基金净佣金
gr_bjs_fare,个人户股转_北交所净佣金
gr_zq_fare,个人户债券净佣金
gr_nhg_fare,个人户逆回购净佣金
gr_ggt_fare,个人户港股通净佣金
gr_qq_fare,个人户期权净佣金
gr_bjs_fare,个人户股转_北交所净佣金
sg_gr_ta_fare,个人户申购手续费
gr_nhg_fare,个人户逆回购净佣金
sh_gr_ta_fare,个人户赎回手续费
gr_qq_fare,个人户期权净佣金
jg_gp_fare,机构户股票净佣金
sg_gr_ta_fare,个人户申购手续费
jg_jj_fare,机构户基金净佣金
sh_gr_ta_fare,个人户赎回手续费
jg_zq_fare,机构户债券净佣金
jg_gp_fare,机构户股票净佣金
jg_ggt_fare,机构户港股通净佣金
jg_jj_fare,机构户基金净佣金
jg_bjs_fare,机构户股转_北交所净佣金
jg_zq_fare,机构户债券净佣金
jg_nhg_fare,机构户逆回购净佣金
jg_ggt_fare,机构户港股通净佣金
jg_qq_fare,机构户期权净佣金
jg_bjs_fare,机构户股转_北交所净佣金
sg_jg_ta_fare,机构户申购手续费
jg_nhg_fare,机构户逆回购净佣金
sh_jg_ta_fare,机构户赎回手续费
jg_qq_fare,机构户期权净佣金
product_gp_fare,产品户股票净佣金
sg_jg_ta_fare,机构户申购手续费
product_jj_fare,产品户基金净佣金
sh_jg_ta_fare,机构户赎回手续费
product_zq_fare,产品户债券净佣金
product_gp_fare,产品户股票净佣金
product_ggt_fare,产品户港股通净佣金
product_jj_fare,产品户基金净佣金
product_bjs_fare,产品户股转_北交所净佣金
product_zq_fare,产品户债券净佣金
product_nhg_fare,产品户逆回购净佣金
product_ggt_fare,产品户港股通净佣金
product_qq_fare,产品户期权净佣金
product_bjs_fare,产品户股转_北交所净佣金
sg_pro_ta_fare,产品户申购手续费
product_nhg_fare,产品户逆回购净佣金
sh_pro_ta_fare,产品户赎回手续费
product_qq_fare,产品户期权净佣金
sg_pro_ta_fare,产品户申购手续费
gr_fare,个人户交易佣金
sh_pro_ta_fare,产品户赎回手续费
jg_fare,机构户交易佣金
product_fare,产品户交易佣金
asset0_fare,0-1资产用户净佣金
gr_fare_a,个人户A股交易佣金
asset1_fare,1-1000资产用户净佣金
jg_fare_a,机构户A股交易佣金
asset1000_fare,1000-1w资产用户净佣金
product_fare_a,产品户A股交易佣金
asset1w_fare,1w-50w资产用户净佣金
asset0_fare,0-1资产用户净佣金
asset50w_fare,50w-1000w资产用户净佣金
asset1_fare,1-1000资产用户净佣金
asset1kw_fare,1000w+资产用户净佣金
asset1000_fare,1000-1w资产用户净佣金
fare0_a,0-1资产A股用户净佣金
asset1w_fare,1w-50w资产用户净佣金
fare1_a,1-1000资产A股用户净佣金
asset50w_fare,50w-1000w资产用户净佣金
fare1k_a,1000-1w资产A股用户净佣金
asset1kw_fare,1000w+资产用户净佣金
fare1w_a,1w-50w资产A股用户净佣金
fare0_a,0-1资产A股用户净佣金
fare50w_a,50w-1000w资产A股用户净佣金
fare1_a,1-1000资产A股用户净佣金
fare1kw_a,1000w+资产A股用户净佣金
fare1k_a,1000-1w资产A股用户净佣金
fare1w_a,1w-50w资产A股用户净佣金
fare50w_a,50w-1000w资产A股用户净佣金
fare1kw_a,1000w+资产A股用户净佣金
fare0y_a,0-1Y账龄户A股净佣金
fare1y_a,1Y账龄户A股净佣金
pfare5y_a,5Y账龄户A股净佣金
fare15y_a,15Y账龄户A股净佣金
branch_no,营业部no
branch_name,营业部名称
